"Company Name","Domain","New Column","Website","LinkedIn URL","Founded Year","Revenue","Revenue (USD)","Tier","SaaS Status & Reason"
"Andreessen Horowitz","a16z.com",,"http://www.a16z.com","http://www.linkedin.com/company/a16z","2009","150M",150000000,"Tier 1","false"
"Braintrust","usebraintrust.com",,"http://www.usebraintrust.com","http://www.linkedin.com/company/usebraintrust","2018","54.9M",54900000,"Tier 1","true"
"Sequoia Capital","sequoiacap.com",,"http://www.sequoiacap.com","http://www.linkedin.com/company/sequoia","1972","192M",192000000,"Tier 1","false"
"edX","edx.org",,"http://www.edx.org","http://www.linkedin.com/school/edx","2012","210M",210000000,"Tier 1","true"
"WalkMe","walkme.com",,"http://www.walkme.com","http://www.linkedin.com/company/walkme","2011","268.4M",268416000,"Tier 1","true"
"Sprinto","sprinto.com",,"http://www.sprinto.com","http://www.linkedin.com/company/sprinto-com","2020","12M",12000000,"Tier 1","true"
"Lucidity","lucidity.cloud",,"http://www.lucidity.cloud","http://www.linkedin.com/company/lucidity-cloud","2021","18.9M",18900000,"Tier 1","true"
"Vista Equity Partners","vistaequitypartners.com",,"http://www.vistaequitypartners.com","http://www.linkedin.com/company/vista-equity-partners","2000","224.5M",224500000,"Tier 1","false"
"SevenRooms","sevenrooms.com",,"http://www.sevenrooms.com","http://www.linkedin.com/company/sevenrooms","2011","43M",43000000,"Tier 1","true"
"Khoros","khoros.com",,"http://www.khoros.com","http://www.linkedin.com/company/khoros","2019","284.3M",284300000,"Tier 1","true"
"InVision","invisionapp.com",,"http://www.invisionapp.com","http://www.linkedin.com/company/invisionapp","2011","63.3M",63300000,"Tier 1","true"
"Versapay","versapay.com",,"http://www.versapay.com","http://www.linkedin.com/company/versapay","2006","42M",42000000,"Tier 1","true"
"PandaDoc","pandadoc.com",,"http://www.pandadoc.com","http://www.linkedin.com/company/pandadoc","2014","100M",100000000,"Tier 1","true"
"Capital Rx","judi.health",,"http://www.judi.health","http://www.linkedin.com/company/cap-rx","2017","31M",31000000,"Tier 1","true"
"GreyOrange","greyorange.com",,"http://www.greyorange.com","http://www.linkedin.com/company/gogreyorange","2012","146M",146000000,"Tier 1","false"
"Pendo.io","pendo.io",,"http://www.pendo.io","http://www.linkedin.com/company/pendo-io","2013","200M",200000000,"Tier 1","true"
"Cloudbeds","cloudbeds.com",,"http://www.cloudbeds.com","http://www.linkedin.com/company/cloudbeds","2012","84.8M",84800000,"Tier 1","true"
"Mindtickle","mindtickle.com",,"http://www.mindtickle.com","http://www.linkedin.com/company/mindtickle","2012","168.4M",168400000,"Tier 1","true"
"Greylock Partners","greylock.com",,"http://www.greylock.com","http://www.linkedin.com/company/greylock-partners","1965","75M",75000000,"Tier 1","false"
"AI Automation Newsletter","medium.com",,"http://www.medium.com","http://www.linkedin.com/company/aitoolsnjobs","2011","42.5M",42500000,"Tier 1","false"
"Rock Content","rockcontent.com",,"http://www.rockcontent.com","http://www.linkedin.com/company/rockcontent","2013","116.3M",116300000,"Tier 1","true"
"Sumo Logic","sumologic.com",,"http://www.sumologic.com","http://www.linkedin.com/company/sumo-logic","2010","300.7M",300668000,"Tier 1","true"
"Ontop","getontop.com",,"http://www.getontop.com","http://www.linkedin.com/company/ontopai","2020","15M",15000000,"Tier 1","true"
"Lynda.com","lynda.com",,"http://www.lynda.com","http://www.linkedin.com/company/lynda-com","1995","260M",260000000,"Tier 1","true"
"Vimeo","vimeo.com",,"http://www.vimeo.com","http://www.linkedin.com/company/vimeo","2004","416.6M",416596000,"Tier 1","true"
"SuperAGI","superagi.com",,"http://www.superagi.com","http://www.linkedin.com/company/superagi","2023","9.9M",9900000,"Tier 1","true"
"Obsidian Security","obsidiansecurity.com",,"http://www.obsidiansecurity.com","http://www.linkedin.com/company/obsidiansecurity","2017","9M",9000000,"Tier 1","true"
"SketchUp","sketchup.com",,"http://www.sketchup.com","http://www.linkedin.com/company/sketchup","2000","64.7M",64700000,"Tier 1","false"
"Bessemer Venture Partners","bvp.com",,"http://www.bvp.com","http://www.linkedin.com/company/bessemer-venture-partners","1911","30M",30000000,"Tier 1","false"
"AppDirect","appdirect.com",,"http://www.appdirect.com","http://www.linkedin.com/company/appdirect","2009","227M",227000000,"Tier 1","true"
"ActiveCampaign","activecampaign.com",,"http://www.activecampaign.com","http://www.linkedin.com/company/activecampaign","2003","198M",198000000,"Tier 1","true"
"Abacus.AI","abacus.ai",,"http://www.abacus.ai","http://www.linkedin.com/company/abacusai","2019","30M",30000000,"Tier 1","true"
"Insight Partners","insightpartners.com",,"http://www.insightpartners.com","http://www.linkedin.com/company/insight--partners","1995","100M",100000000,"Tier 1","false"
"Rokt","rokt.com",,"http://www.rokt.com","http://www.linkedin.com/company/rokt","2012","600M",600000000,"Tier 1","true"
"Arcserve","arcserve.com",,"http://www.arcserve.com","http://www.linkedin.com/company/arcserve","1983","72.3M",72300000,"Tier 1","true"
"Workable","",,"","http://www.linkedin.com/company/workable-software","2012","25M",25000000,"Tier 1",
"General Catalyst","generalcatalyst.com",,"http://www.generalcatalyst.com","http://www.linkedin.com/company/general-catalyst","2000","15M",15000000,"Tier 1","false"
"ITILITE","itilite.com",,"http://www.itilite.com","http://www.linkedin.com/company/itilite","2017","2.9M",2875000,"Tier 1","true"
"Bain Capital Ventures (BCV)","baincapitalventures.com",,"http://www.baincapitalventures.com","http://www.linkedin.com/company/bain-capital-ventures",,"1.1M",1112000,"Tier 1","false"
"Keka HR","keka.com",,"http://www.keka.com","http://www.linkedin.com/company/keka-hr","2015","6.5M",6480000,"Tier 1","true"
"Sololearn","sololearn.com",,"http://www.sololearn.com","http://www.linkedin.com/company/sololearn-inc-","2013","6.5M",6500000,"Tier 1","true"
"Airtable","airtable.com",,"http://www.airtable.com","http://www.linkedin.com/company/airtable","2012","478M",478000000,"Tier 1","true"
"Paystack","paystack.com",,"http://www.paystack.com","http://www.linkedin.com/company/paystack","2015","51M",51000000,"Tier 1","true"
"Pixis","pixis.ai",,"http://www.pixis.ai","http://www.linkedin.com/company/pixisai","2018","55.5M",55500000,"Tier 1","true"
"Moz","moz.com",,"http://www.moz.com","http://www.linkedin.com/company/moz","2004","70M",70000000,"Tier 1","true"
"Yalo","yalo.ai",,"http://www.yalo.ai","http://www.linkedin.com/company/yalo","2015","9.3M",9300000,"Tier 1","true"
"Fortanix","fortanix.com",,"http://www.fortanix.com","http://www.linkedin.com/company/fortanix","2016","24.9M",24900000,"Tier 1","true"
"Articulate","articulate.com",,"http://www.articulate.com","http://www.linkedin.com/company/articulate","2002","111.7M",111700000,"Tier 1","true"
"Chainalysis","chainalysis.com",,"http://www.chainalysis.com","http://www.linkedin.com/company/chainalysis","2014","325.1M",325100000,"Tier 1","true"
"Drift, a Salesloft company","drift.com",,"http://www.drift.com","http://www.linkedin.com/company/drift","2015","135M",135000000,"Tier 1","true"
"Crunchbase","crunchbase.com",,"http://www.crunchbase.com","http://www.linkedin.com/company/crunchbase","2007","65M",65000000,"Tier 1","true"
"Handshake","joinhandshake.com",,"http://www.joinhandshake.com","http://www.linkedin.com/company/team-handshake","2014","280M",280000000,"Tier 1","true"
"Yellow.ai","yellow.ai",,"http://www.yellow.ai","http://www.linkedin.com/company/yellowdotai","2016","79.5M",79500000,"Tier 1","true"
"Acumatica","acumatica.com",,"http://www.acumatica.com","http://www.linkedin.com/company/acumatica","2008","90.2M",90150000,"Tier 1","true"
"Leena AI","leena.ai",,"http://www.leena.ai","http://www.linkedin.com/company/leena-ai","2018","15.8M",15800000,"Tier 1","true"
"Kobalt Music","kobaltmusic.com",,"http://www.kobaltmusic.com","http://www.linkedin.com/company/kobalt-music-group","2000","600M",600000000,"Tier 1","false"
"Zluri","zluri.com",,"http://www.zluri.com","http://www.linkedin.com/company/zluri","2020","6.5M",6500000,"Tier 1","true"
"CB Insights","cbinsights.com",,"http://www.cbinsights.com","http://www.linkedin.com/company/cb-insights","2009","68.6M",68600000,"Tier 1","true"
"Wellfound","wellfound.com",,"http://www.wellfound.com","http://www.linkedin.com/company/wellfoundhq","2013","19.6M",19600000,"Tier 1","true"
"Movable Ink","movableink.com",,"http://www.movableink.com","http://www.linkedin.com/company/movable-ink","2010","100M",100000000,"Tier 1","true"
"FourKites, Inc.","fourkites.com",,"http://www.fourkites.com","http://www.linkedin.com/company/fourkites-inc","2014","114.3M",114300000,"Tier 1","true"
"Inworld AI","inworld.ai",,"http://www.inworld.ai","http://www.linkedin.com/company/inworld-ai","2021","35.7M",35700000,"Tier 1","true"
"Aha!","aha.io",,"http://www.aha.io","http://www.linkedin.com/company/aha-labs-inc-","2013","45.8M",45800000,"Tier 1","true"
"Sirion","sirion.ai",,"http://www.sirion.ai","http://www.linkedin.com/company/sirionclm","2012","26M",26000000,"Tier 1","true"
"Productboard","productboard.com",,"http://www.productboard.com","http://www.linkedin.com/company/productboard","2014","38.6M",38600000,"Tier 1","true"
"LRN","lrn.com",,"http://www.lrn.com","http://www.linkedin.com/company/lrn","1994","91.7M",91700000,"Tier 1","true"
"GV (Google Ventures)","gv.com",,"http://www.gv.com","http://www.linkedin.com/company/googleventures","2009","15M",15000000,"Tier 1","false"
"Papaya Global","papayaglobal.com",,"http://www.papayaglobal.com","http://www.linkedin.com/company/papaya-global","2017","100M",100000000,"Tier 1","true"
"G2","g2.com",,"http://www.g2.com","http://www.linkedin.com/company/g2dotcom","2012","165.5M",165500000,"Tier 1","true"
"Medable","medable.com",,"http://www.medable.com","http://www.linkedin.com/company/medable-inc-","2016","11.6M",11600000,"Tier 1","true"
"JumpCloud","jumpcloud.com",,"http://www.jumpcloud.com","http://www.linkedin.com/company/jumpcloud","2012","200M",200000000,"Tier 1","true"
"Snapsheet Inc","snapsheetclaims.com",,"http://www.snapsheetclaims.com","http://www.linkedin.com/company/snapsheetinc","2011","48.2M",48200000,"Tier 1","true"
"Hevo Data","hevodata.com",,"http://www.hevodata.com","http://www.linkedin.com/company/hevodata","2017","46.9M",46900000,"Tier 1","true"
"Auth0","auth0-bob.vercel.app",,"http://www.auth0-bob.vercel.app","http://www.linkedin.com/company/auth0","2013","200M",200000000,"Tier 1","true"
"MoEngage","moengage.com",,"http://www.moengage.com","http://www.linkedin.com/company/moengage","2014","106.8M",106800000,"Tier 1","true"
"Billtrust","billtrust.com",,"http://www.billtrust.com","http://www.linkedin.com/company/billtrust","2001","189.1M",189100000,"Tier 1","true"
"Luxury Presence","luxurypresence.com",,"http://www.luxurypresence.com","http://www.linkedin.com/company/luxurypresence","2016","85M",85000000,"Tier 1","true"
"dbt Labs","getdbt.com",,"http://www.getdbt.com","http://www.linkedin.com/company/dbtlabs","2016","100M",100000000,"Tier 1","true"
"SQUIRE","getsquire.com",,"http://www.getsquire.com","http://www.linkedin.com/company/squ%c4%abr-technologies","2015","102.5M",102500000,"Tier 1","true"
"Astronomer","astronomer.io",,"http://www.astronomer.io","http://www.linkedin.com/company/astronomer","2018","39.5M",39500000,"Tier 1","true"
"HeadSpin","headspin.io",,"http://www.headspin.io","http://www.linkedin.com/company/headspin","2015","20M",20000000,"Tier 1","true"
"Huntress","huntress.com",,"http://www.huntress.com","http://www.linkedin.com/company/huntress-labs","2015","100M",100000000,"Tier 1","true"
"Betterworks","betterworks.com",,"http://www.betterworks.com","http://www.linkedin.com/company/betterworks","2013","41.7M",41700000,"Tier 1","true"
"Bik.ai","bik.ai",,"http://www.bik.ai","http://www.linkedin.com/company/bikglobal","2022","1.5M",1500000,"Tier 1","true"
"Checkmarx","checkmarx.com",,"http://www.checkmarx.com","http://www.linkedin.com/company/checkmarx","2006","150M",150000000,"Tier 1","true"
"FreshBooks","freshbooks.com",,"http://www.freshbooks.com","http://www.linkedin.com/company/freshbooks","2003","120M",120000000,"Tier 1","true"
"Synack","",,"","http://www.linkedin.com/company/synack-inc-","2013","10M",10000000,"Tier 1",
"Pipedrive","pipedrive.com",,"http://www.pipedrive.com","http://www.linkedin.com/company/pipedrive","2010","222M",222000000,"Tier 1","true"
"Bubble","bubble.io",,"http://www.bubble.io","http://www.linkedin.com/company/bubble","2012","74.2M",74200000,"Tier 1","true"
"REEF","reeftechnology.com",,"http://www.reeftechnology.com","http://www.linkedin.com/company/reeftechnology","2019","3.4B",3400000000,"Tier 1","true"
"Flam","flamapp.ai",,"http://www.flamapp.ai","http://www.linkedin.com/company/flamappofficial","2021","1M",1000000,"Tier 1","false"
"Celigo","celigo.com",,"http://www.celigo.com","http://www.linkedin.com/company/celigo-inc","2011","92M",92000000,"Tier 1","true"
"Replicon","replicon.com",,"http://www.replicon.com","http://www.linkedin.com/company/replicon","1996","68M",68000000,"Tier 1","true"
"CleverTap","clevertap.com",,"http://www.clevertap.com","http://www.linkedin.com/company/clevertap","2013","120M",120000000,"Tier 1","true"
"Pipefy","pipefy.com",,"http://www.pipefy.com","http://www.linkedin.com/company/pipefy","2015","65.9M",65900000,"Tier 1","true"
"OPSWAT","opswat.com",,"http://www.opswat.com","http://www.linkedin.com/company/opswat","2002","121.8M",121800000,"Tier 1","true"
"Spendflo","spendflo.com",,"http://www.spendflo.com","http://www.linkedin.com/company/spendflo","2020","15.2M",15200000,"Tier 1","true"
"Menlo Ventures","menlovc.com",,"http://www.menlovc.com","http://www.linkedin.com/company/menlo-ventures","1976","25M",25000000,"Tier 1","false"
"MagicSchool AI","magicschool.ai",,"http://www.magicschool.ai","http://www.linkedin.com/company/magicschool-ai","2023","44.9M",44900000,"Tier 1","true"
"Loom","loom.com",,"http://www.loom.com","http://www.linkedin.com/company/useloom","2016","50M",50000000,"Tier 1","true"
"Vanta","vanta.com",,"http://www.vanta.com","http://www.linkedin.com/company/vanta-security","2018","220M",220000000,"Tier 1","true"
"Instabase","instabase.com",,"http://www.instabase.com","http://www.linkedin.com/company/instabase","2015","50M",50000000,"Tier 1","true"
"Briq","briq.com",,"http://www.briq.com","http://www.linkedin.com/company/briqhq","2018","25M",25000000,"Tier 1","true"
"SpotDraft","spotdraft.com",,"http://www.spotdraft.com","http://www.linkedin.com/company/spotdraft","2017","7M",7000000,"Tier 1","true"
"Harvey","harvey.ai",,"http://www.harvey.ai","http://www.linkedin.com/company/harvey-ai","2022","190M",190000000,"Tier 1","true"
"Clarity AI","clarity.ai",,"http://www.clarity.ai","http://www.linkedin.com/company/clarity-ai","2017","60.1M",60100000,"Tier 1","true"
"Creatio","creatio.com",,"http://www.creatio.com","http://www.linkedin.com/company/creatioglobal","2014","175.5M",175500000,"Tier 1","true"
"Salesloft","salesloft.com",,"http://www.salesloft.com","http://www.linkedin.com/company/salesloft","2011","110M",110000000,"Tier 1","true"
"DoiT","doit.com",,"http://www.doit.com","http://www.linkedin.com/company/doitintl","2011","86.8M",86800000,"Tier 1","true"
"Neo4j","neo4j.com",,"http://www.neo4j.com","http://www.linkedin.com/company/neo4j","2007","200M",200000000,"Tier 1","true"
"Fireblocks","fireblocks.com",,"http://www.fireblocks.com","http://www.linkedin.com/company/fireblocks","2018","156.3M",156300000,"Tier 1","true"
"ICONIQ","iconiqcapital.com",,"http://www.iconiqcapital.com","http://www.linkedin.com/company/iconiq-capital-llc","2011","65.6M",65600000,"Tier 1","false"
"ZeroFox","zerofox.com",,"http://www.zerofox.com","http://www.linkedin.com/company/zerofox","2013","50M",50000000,"Tier 1","true"
"Drillinginfo","drillinginfo.com",,"http://www.drillinginfo.com","http://www.linkedin.com/company/drillinginfo","1999","600M",600000000,"Tier 1","true"
"Workday Peakon Employee Voice","",,"","http://www.linkedin.com/company/peakon","2015","",,"Tier 1",
"Skydio","skydio.com",,"http://www.skydio.com","http://www.linkedin.com/company/skydio","2014","180M",180000000,"Tier 1","false"
"LotusFlare","lotusflare.com",,"http://www.lotusflare.com","http://www.linkedin.com/company/lotusflare","2014","66.1M",66100000,"Tier 1","true"
"Tebra","tebra.com",,"http://www.tebra.com","http://www.linkedin.com/company/tebra",,"112.2M",112200000,"Tier 1","true"
"project44","project44.com",,"http://www.project44.com","http://www.linkedin.com/company/project-44","2014","210.1M",210100000,"Tier 1","true"
"Demandbase","demandbase.com",,"http://www.demandbase.com","http://www.linkedin.com/company/demandbase","2005","30.5M",30500000,"Tier 1","true"
"Absorb Software","absorblms.com",,"http://www.absorblms.com","http://www.linkedin.com/company/absorb-software","2003","69.4M",69400000,"Tier 1","true"
"Jitterbit","jitterbit.com",,"http://www.jitterbit.com","http://www.linkedin.com/company/jitterbit","2003","105M",105000000,"Tier 1","true"
"LandingAI","landing.ai",,"http://www.landing.ai","http://www.linkedin.com/company/landing-ai","2017","15.2M",15200000,"Tier 1","true"
"AllCloud","allcloud.io",,"http://www.allcloud.io","http://www.linkedin.com/company/allcloud","2014","90.4M",90400000,"Tier 1","false"
"Aurea","aurea.com",,"http://www.aurea.com","http://www.linkedin.com/company/aurea-software","2012","24.2M",24200000,"Tier 1","false"
"BigID","bigid.com",,"http://www.bigid.com","http://www.linkedin.com/company/bigid","2016","139.5M",139500000,"Tier 1","true"
"Acoustic","acoustic.com",,"http://www.acoustic.com","http://www.linkedin.com/company/goacoustic","2019","126M",126000000,"Tier 1","true"
"Clari","clari.com",,"http://www.clari.com","http://www.linkedin.com/company/clari","2012","158.5M",158500000,"Tier 1","true"
"Skai","skai.io",,"http://www.skai.io","http://www.linkedin.com/company/skaicommerce","2006","78.9M",78900000,"Tier 1","true"
"Securiti AI","securiti.ai",,"http://www.securiti.ai","http://www.linkedin.com/company/securitiai","2019","75.9M",75900000,"Tier 1","true"
"Sixth Street","sixthstreet.com",,"http://www.sixthstreet.com","http://www.linkedin.com/company/sixthstreet","2009","110M",110000000,"Tier 1","false"
"One Identity","oneidentity.com",,"http://www.oneidentity.com","http://www.linkedin.com/company/one-identity","2016","62.8M",62800000,"Tier 1","true"
"Luciq","luciq.ai",,"http://www.luciq.ai","http://www.linkedin.com/company/luciq","2014","36.5M",36500000,"Tier 1","true"
"Skan AI","skan.ai",,"http://www.skan.ai","http://www.linkedin.com/company/skan-ai","2018","22.2M",22200000,"Tier 1","false"
"Luma","lumalabs.ai",,"http://www.lumalabs.ai","http://www.linkedin.com/company/lumalabsai","2021","5M",5000000,"Tier 1","true"
"K1 Investment Management","k1.com",,"http://www.k1.com","http://www.linkedin.com/company/k1im","2011","346.3M",346273000,"Tier 1","false"
"Absolutdata Analytics-an Infogain company","absolutdata.com",,"http://www.absolutdata.com","http://www.linkedin.com/company/absolutdata-analytics","2001","36.5M",36500000,"Tier 1","true"
"Fieldwire by Hilti","fieldwire.com",,"http://www.fieldwire.com","http://www.linkedin.com/company/fieldwirebyhilti","2013","22M",22000000,"Tier 1","true"
"Varicent","varicent.com",,"http://www.varicent.com","http://www.linkedin.com/company/varicent","2003","150M",150000000,"Tier 1","true"
"Scrut Automation","scrut.io",,"http://www.scrut.io","http://www.linkedin.com/company/scrut-automation","2022","881K",881000,"Tier 1","true"
"Wand AI","wand.ai",,"http://www.wand.ai","http://www.linkedin.com/company/wand1","2022","",,"Tier 1","false"
"Posit PBC","posit.co",,"http://www.posit.co","http://www.linkedin.com/company/posit-software","2009","18M",18000000,"Tier 1","true"
"Airbase","airbase.com",,"http://www.airbase.com","http://www.linkedin.com/company/airbaseinc","2017","96.6M",96600000,"Tier 1","true"
"Mural","mural.co",,"http://www.mural.co","http://www.linkedin.com/company/mural.co","2011","189M",189000000,"Tier 1","true"
"Responsive","responsive.io",,"http://www.responsive.io","http://www.linkedin.com/company/responsiveio","2016","67.1M",67100000,"Tier 1","true"
"Mercury","mercury.com",,"http://www.mercury.com","http://www.linkedin.com/company/mercuryhq","2017","650M",650000000,"Tier 1","true"
"Heap | by Contentsquare","heap.io",,"http://www.heap.io","http://www.linkedin.com/company/heap-inc-","2013","69.2M",69200000,"Tier 1","true"
"Beroe Inc","beroeinc.com",,"http://www.beroeinc.com","http://www.linkedin.com/company/beroe-inc","2006","135.5M",135500000,"Tier 1","true"
"Innovapptive Inc","innovapptive.com",,"http://www.innovapptive.com","http://www.linkedin.com/company/innovapptive-inc","2012","66.3M",66300000,"Tier 1","true"
"Degreed","degreed.com",,"http://www.degreed.com","http://www.linkedin.com/company/degreed","2012","180M",180000000,"Tier 1","true"
"Artisan","artisan.co",,"http://www.artisan.co","http://www.linkedin.com/company/artisanai","2023","18M",18000000,"Tier 1","true"
"Netwrix Corporation","netwrix.com",,"http://www.netwrix.com","http://www.linkedin.com/company/netwrix-corporation","2006","245.6M",245600000,"Tier 1","true"
"Mythical Games","mythicalgames.com",,"http://www.mythicalgames.com","http://www.linkedin.com/company/mythical","2018","59.5M",59500000,"Tier 1","true"
"WorkGenius Group","workgenius.com",,"http://www.workgenius.com","http://www.linkedin.com/company/workgenius-group","2019","70M",70000000,"Tier 1","true"
"SAP LeanIX","leanix.net",,"http://www.leanix.net","http://www.linkedin.com/company/sapleanix","2012","153.4M",153400000,"Tier 1","true"
"Platform9","platform9.com",,"http://www.platform9.com","http://www.linkedin.com/company/platform9systems","2013","20.5M",20500000,"Tier 1","true"
"Teachable","",,"","http://www.linkedin.com/company/teachable","2014","21M",21000000,"Tier 1",
"Observe.AI","observe.ai",,"http://www.observe.ai","http://www.linkedin.com/company/observeai","2017","5.8M",5800000,"Tier 1","true"
"SugarCRM","sugarcrm.com",,"http://www.sugarcrm.com","http://www.linkedin.com/company/sugarcrm","2004","107.9M",107900000,"Tier 1","true"
"Augury","augury.com",,"http://www.augury.com","http://www.linkedin.com/company/augury-systems","2011","155M",155000000,"Tier 1","true"
"SuperOps","superops.com",,"http://www.superops.com","http://www.linkedin.com/company/superops-ai","2020","6.5M",6500000,"Tier 1","true"
"Simpro Software","simprogroup.com",,"http://www.simprogroup.com","http://www.linkedin.com/company/simpro-software","2002","200M",200000000,"Tier 1","true"
"Ushur","ushur.ai",,"http://www.ushur.ai","http://www.linkedin.com/company/ushur-me","2014","120.4M",120400000,"Tier 1","true"
"Reltio","reltio.com",,"http://www.reltio.com","http://www.linkedin.com/company/reltio-inc","2011","150M",150000000,"Tier 1","true"
"Jerry","jerry.ai",,"http://www.jerry.ai","http://www.linkedin.com/company/jerryinc","2017","35M",35000000,"Tier 1","false"
"Duetto","duettocloud.com",,"http://www.duettocloud.com","http://www.linkedin.com/company/duetto-research","2012","92M",92000000,"Tier 1","true"
"Cognite","cognite.com",,"http://www.cognite.com","http://www.linkedin.com/company/cognitedata","2016","170M",170000000,"Tier 1","true"
"Pear VC","pear.vc",,"http://www.pear.vc","http://www.linkedin.com/company/pear-vc","2013","",,"Tier 1","false"
"Taskrabbit","taskrabbit.com",,"http://www.taskrabbit.com","http://www.linkedin.com/company/taskrabbit","2008","70M",70000000,"Tier 1","false"
"Nexus Venture Partners","nexusvp.com",,"http://www.nexusvp.com","http://www.linkedin.com/company/nexusvp","2006","7.5M",7500000,"Tier 1","false"
"Forum Ventures","forumvc.com",,"http://www.forumvc.com","http://www.linkedin.com/company/forumvc","2014","17.9M",17900000,"Tier 1","false"
"Reforge","reforge.com",,"http://www.reforge.com","http://www.linkedin.com/company/reforge","2016","135.1M",135100000,"Tier 1","true"
"Algolia","algolia.com",,"http://www.algolia.com","http://www.linkedin.com/company/algolia","2012","75M",75000000,"Tier 1","true"
"Aurigo Software Technologies","aurigo.com",,"http://www.aurigo.com","http://www.linkedin.com/company/aurigo-software-technologies","2003","36M",36000000,"Tier 1","true"
"Linear","linear.app",,"http://www.linear.app","http://www.linkedin.com/company/linearapp","2019","20M",20000000,"Tier 1","true"
"Sense","sensehq.com",,"http://www.sensehq.com","http://www.linkedin.com/company/sensehq","2016","75M",75000000,"Tier 1","true"
"Primary Venture Partners","primary.vc",,"http://www.primary.vc","http://www.linkedin.com/company/primary-venture-partners","2015","9.9M",9948000,"Tier 1","false"
"Torre.ai","torre.ai",,"http://www.torre.ai","http://www.linkedin.com/company/torre-ai","2017","62.7M",62700000,"Tier 1","true"
"Aircall","aircall.io",,"http://www.aircall.io","http://www.linkedin.com/company/aircall","2014","175M",175000000,"Tier 1","true"
"DroneDeploy","dronedeploy.com",,"http://www.dronedeploy.com","http://www.linkedin.com/company/dronedeploy","2013","121.2M",121200000,"Tier 1","true"
"Lightning AI","lightning.ai",,"http://www.lightning.ai","http://www.linkedin.com/company/pytorch-lightning","2019","",,"Tier 1","true"
"Sitetracker","sitetracker.com",,"http://www.sitetracker.com","http://www.linkedin.com/company/sitetracker","2013","75M",75000000,"Tier 1","true"
"Axonius","axonius.com",,"http://www.axonius.com","http://www.linkedin.com/company/axonius","2017","151.5M",151500000,"Tier 1","true"
"Unite Us","uniteus.com",,"http://www.uniteus.com","http://www.linkedin.com/company/uniteus","2013","107.9M",107900000,"Tier 1","true"
"Copado","copado.com",,"http://www.copado.com","http://www.linkedin.com/company/copadosolutions","2013","140M",140000000,"Tier 1","true"
"Datto","datto.com",,"http://www.datto.com","http://www.linkedin.com/company/datto-inc","2007","644.5M",644529000,"Tier 1","true"
"Mirantis","mirantis.com",,"http://www.mirantis.com","http://www.linkedin.com/company/mirantis","1999","120M",120000000,"Tier 1","false"
"Reputation","reputation.com",,"http://www.reputation.com","http://www.linkedin.com/company/reputation-com","2006","93M",93000000,"Tier 1","true"
"Kong","konghq.com",,"http://www.konghq.com","http://www.linkedin.com/company/konghq","2017","146.1M",146100000,"Tier 1","true"
"Greenhouse Software","greenhouse.com",,"http://www.greenhouse.com","http://www.linkedin.com/company/greenhouse-inc-","2012","110M",110000000,"Tier 1","true"
"CitiXsys - iVend Retail","ivend.com",,"http://www.ivend.com","http://www.linkedin.com/company/citixsys","2002","18.3M",18300000,"Tier 1","true"
"Fleetio","fleetio.com",,"http://www.fleetio.com","http://www.linkedin.com/company/fleetio","2012","58M",58000000,"Tier 1","true"
"Midi Health","joinmidi.com",,"http://www.joinmidi.com","http://www.linkedin.com/company/midi-health","2021","150M",150000000,"Tier 1","true"
"Tyfone, Inc.","tyfone.com",,"http://www.tyfone.com","http://www.linkedin.com/company/tyfone","2004","78.5M",78500000,"Tier 1","false"
"Uniphore","uniphore.com",,"http://www.uniphore.com","http://www.linkedin.com/company/uniphore","2008","500M",500000000,"Tier 1","true"
"Ateko, backed by Bell Canada","ateko.com",,"http://www.ateko.com","http://www.linkedin.com/company/hello-ateko","2025","",,"Tier 1","false"
"Aprimo","aprimo.com",,"http://www.aprimo.com","http://www.linkedin.com/company/aprimomarketing","1998","35.2M",35200000,"Tier 1","true"
"Redpoint","redpoint.com",,"http://www.redpoint.com","http://www.linkedin.com/company/redpointventures","1999","15M",15000000,"Tier 1","false"
"Notable Capital","notablecap.com",,"http://www.notablecap.com","http://www.linkedin.com/company/notablecapital","2000","",,"Tier 1","false"
"Bloomreach","bloomreach.com",,"http://www.bloomreach.com","http://www.linkedin.com/company/bloomreach","2009","200M",200000000,"Tier 1","true"
"Quantcast","quantcast.com",,"http://www.quantcast.com","http://www.linkedin.com/company/quantcast","2006","52.9M",52900000,"Tier 1","true"
"Basis","basis.com",,"http://www.basis.com","http://www.linkedin.com/company/basis-technologies","1985","155.4M",155400000,"Tier 1","true"
"Capchase","capchase.com",,"http://www.capchase.com","http://www.linkedin.com/company/capchase","2020","62.5M",62500000,"Tier 1","false"
"Hirevue","hirevue.com",,"http://www.hirevue.com","http://www.linkedin.com/company/hirevue","2004","89M",89000000,"Tier 1","true"
"AuditBoard","auditboard.com",,"http://www.auditboard.com","http://www.linkedin.com/company/auditboard","2014","300M",300000000,"Tier 1","true"
"DataVisor","datavisor.com",,"http://www.datavisor.com","http://www.linkedin.com/company/datavisor","2013","37.9M",37900000,"Tier 1","true"
"BetterCloud","bettercloud.com",,"http://www.bettercloud.com","http://www.linkedin.com/company/bettercloud","2011","67M",67000000,"Tier 1","true"
"Atom","atomx.com",,"http://www.atomx.com","http://www.linkedin.com/company/atomhq","2020","14.5M",14500000,"Tier 1","false"
"Dragos, Inc.","dragos.com",,"http://www.dragos.com","http://www.linkedin.com/company/dragos-inc.","2016","154.4M",154400000,"Tier 1","false"
"Emergent","emergent.sh",,"http://www.emergent.sh","http://www.linkedin.com/company/emergentlabs",,"50M",50000000,"Tier 1","true"
"Abridge","abridge.com",,"http://www.abridge.com","http://www.linkedin.com/company/abridgehq","2018","100M",100000000,"Tier 1","true"
"Sysdig","sysdig.com",,"http://www.sysdig.com","http://www.linkedin.com/company/sysdig","2013","283M",283000000,"Tier 1","true"
"HeyGen","heygen.com",,"http://www.heygen.com","http://www.linkedin.com/company/heygen","2020","35M",35000000,"Tier 1","true"
"Appirio","",,"","http://www.linkedin.com/company/appirio","2006","",,"Tier 1",
"Nexford University","nexford.edu",,"http://www.nexford.edu","http://www.linkedin.com/school/nexforduniversity","2017","43M",43000000,"Tier 1","false"
"Vendavo","vendavo.com",,"http://www.vendavo.com","http://www.linkedin.com/company/vendavo","1998","75M",75000000,"Tier 1","true"
"Dutchie","dutchie.com",,"http://www.dutchie.com","http://www.linkedin.com/company/getdutchie","2017","45M",45000000,"Tier 1","true"
"Sapphire Ventures","sapphireventures.com",,"http://www.sapphireventures.com","http://www.linkedin.com/company/sapphirevc","2011","75M",75000000,"Tier 1","false"
"Ironclad","ironcladapp.com",,"http://www.ironcladapp.com","http://www.linkedin.com/company/ironclad-inc-","2014","150M",150000000,"Tier 1","true"
"DaVinci Commerce","jivox.com",,"http://www.jivox.com","http://www.linkedin.com/company/davincicommerce","2007","42M",42000000,"Tier 1","true"
"Juniper Square","junipersquare.com",,"http://www.junipersquare.com","http://www.linkedin.com/company/juniper-square","2014","139.8M",139800000,"Tier 1","true"
"Seesaw Learning","seesaw.com",,"http://www.seesaw.com","http://www.linkedin.com/company/seesaw-learning","2015","75M",75000000,"Tier 1","true"
"Bravado","bravado.co",,"http://www.bravado.co","http://www.linkedin.com/company/wearebravado","2017","31.6M",31600000,"Tier 1","false"
"eSentire","esentire.com",,"http://www.esentire.com","http://www.linkedin.com/company/esentire","2001","150M",150000000,"Tier 1","false"
"Benevity","benevity.com",,"http://www.benevity.com","http://www.linkedin.com/company/benevity","2008","133M",133000000,"Tier 1","true"
"User Interviews","userinterviews.com",,"http://www.userinterviews.com","http://www.linkedin.com/company/user-interviews","2016","26.5M",26500000,"Tier 1","true"
"Sauce Labs","saucelabs.com",,"http://www.saucelabs.com","http://www.linkedin.com/company/sauce-labs","2008","92.1M",92100000,"Tier 1","true"
"New Enterprise Associates (NEA)","nea.com",,"http://www.nea.com","http://www.linkedin.com/company/new-enterprise-associates","1977","400M",400000000,"Tier 1","false"
"Doxim","doxim.com",,"http://www.doxim.com","http://www.linkedin.com/company/doxim","2000","67M",67044000,"Tier 1","true"
"SecurityScorecard","securityscorecard.com",,"http://www.securityscorecard.com","http://www.linkedin.com/company/security-scorecard","2013","144.3M",144300000,"Tier 1","true"
"ChurnZero","churnzero.com",,"http://www.churnzero.com","http://www.linkedin.com/company/churnzero","2015","180.8M",180800000,"Tier 1","true"
"Lusha","lusha.com",,"http://www.lusha.com","http://www.linkedin.com/company/lushadata","2016","64.4M",64400000,"Tier 1","true"
"Lookout","lookout.com",,"http://www.lookout.com","http://www.linkedin.com/company/lookout","2007","72.5M",72500000,"Tier 1","true"
"Salsify","salsify.com",,"http://www.salsify.com","http://www.linkedin.com/company/salsify","2012","200M",200000000,"Tier 1","true"
"Incorta","incorta.com",,"http://www.incorta.com","http://www.linkedin.com/company/incorta","2013","29.4M",29400000,"Tier 1","true"
"Testlio","testlio.com",,"http://www.testlio.com","http://www.linkedin.com/company/testlio","2012","75.6M",75600000,"Tier 1","true"
"Aper","aper.com",,"http://www.aper.com","http://www.linkedin.com/company/aperlatam","2016","25.4M",25400000,"Tier 1","true"
"Biz2Credit","biz2credit.com",,"http://www.biz2credit.com","http://www.linkedin.com/company/biz2credit-inc","2007","55M",55000000,"Tier 1","false"
"TATCHA","tatcha.com",,"http://www.tatcha.com","http://www.linkedin.com/company/tatcha-inc","2009","130M",130000000,"Tier 1","false"
"Pinecone","pinecone.io",,"http://www.pinecone.io","http://www.linkedin.com/company/pinecone-io","2019","26.6M",26600000,"Tier 1","true"
"Amenify","amenify.com",,"http://www.amenify.com","http://www.linkedin.com/company/amenify","2017","8M",8000000,"Tier 1","true"
"Summit Partners","summitpartners.com",,"http://www.summitpartners.com","http://www.linkedin.com/company/summit-partners","1984","75M",75000000,"Tier 1","false"
"Sureify","sureify.com",,"http://www.sureify.com","http://www.linkedin.com/company/sureify-com","2012","38.9M",38900000,"Tier 1","true"
"Planful","planful.com",,"http://www.planful.com","http://www.linkedin.com/company/planful-inc","2000","100M",100000000,"Tier 1","true"
"Mixpanel","mixpanel.com",,"http://www.mixpanel.com","http://www.linkedin.com/company/mixpanel-inc-","2009","210M",210000000,"Tier 1","true"
"Nooks","nooks.ai",,"http://www.nooks.ai","http://www.linkedin.com/company/nooksapp","2020","247K",247000,"Tier 1","true"
"Honest Health","honesthealth.com",,"http://www.honesthealth.com","http://www.linkedin.com/company/we-are-honest-health",,"1.6B",1600000000,"Tier 1","false"
"Tillster","tillster.com",,"http://www.tillster.com","http://www.linkedin.com/company/tillster","2002","29.6M",29562000,"Tier 1","true"
"OpenX","openx.com",,"http://www.openx.com","http://www.linkedin.com/company/openx","2007","200M",200000000,"Tier 1","true"
"Beyond","beyondpricing.com",,"http://www.beyondpricing.com","http://www.linkedin.com/company/beyond-pricing","2013","63M",63000000,"Tier 1","true"
"FarEye","fareye.com",,"http://www.fareye.com","http://www.linkedin.com/company/fareye","2013","23M",23000000,"Tier 1","true"
"Branch","branch.io",,"http://www.branch.io","http://www.linkedin.com/company/branch-metrics","2014","72M",72000000,"Tier 1","true"
"Zenwork, Inc","zenwork.com",,"http://www.zenwork.com","http://www.linkedin.com/company/zenworkinc","2011","19.1M",19100000,"Tier 1","true"
"Eltropy","eltropy.com",,"http://www.eltropy.com","http://www.linkedin.com/company/eltropy","2013","12.5M",12500000,"Tier 1","true"
"Twilio Segment","segment.com",,"http://www.segment.com","http://www.linkedin.com/company/segment-io","2012","297.7M",297700000,"Tier 1","true"
"Persado","persado.com",,"http://www.persado.com","http://www.linkedin.com/company/persado","2012","55M",55000000,"Tier 1","true"
"Spyne","spyne.ai",,"http://www.spyne.ai","http://www.linkedin.com/company/spyne-ai","2018","18.4M",18400000,"Tier 1","true"
"Sage Intacct, Inc.","sageintacct.com",,"http://www.sageintacct.com","http://www.linkedin.com/company/sageintacct","1999","620M",620000000,"Tier 1","true"
"Maxio","maxio.com",,"http://www.maxio.com","http://www.linkedin.com/company/wearemaxio","2009","49.4M",49400000,"Tier 1","true"
"BoomerangFX","boomerangfx.com",,"http://www.boomerangfx.com","http://www.linkedin.com/company/boomerangfx",,"",,"Tier 1","true"
"ExactTarget","",,"","http://www.linkedin.com/company/exacttarget","2001","",,"Tier 1",
"Zylo","zylo.com",,"http://www.zylo.com","http://www.linkedin.com/company/zyloapp","2016","6.1M",6100000,"Tier 1","true"
"Modern Campus","moderncampus.com",,"http://www.moderncampus.com","http://www.linkedin.com/company/moderncampus","2018","35M",35000000,"Tier 1","true"
"Zovio","zovio.com",,"http://www.zovio.com","http://www.linkedin.com/company/zovio","2019","287M",287000000,"Tier 1","false"
"Indigo Slate","indigoslate.com",,"http://www.indigoslate.com","http://www.linkedin.com/company/indigo-slate","2006","20M",20000000,"Tier 1","false"
"Integrate","integrate.com",,"http://www.integrate.com","http://www.linkedin.com/company/integrate-","2010","72.2M",72200000,"Tier 1","true"
"Stova","stova.io",,"http://www.stova.io","http://www.linkedin.com/company/stova",,"24.6M",24600000,"Tier 1","true"
"Unbounce","unbounce.com",,"http://www.unbounce.com","http://www.linkedin.com/company/unbounce","2009","35.4M",35400000,"Tier 1","true"
"Deliverect","deliverect.com",,"http://www.deliverect.com","http://www.linkedin.com/company/deliverecthq","2018","44.7M",44700000,"Tier 1","true"
"Headout","headout.com",,"http://www.headout.com","http://www.linkedin.com/company/headout-com","2015","130M",130000000,"Tier 1","false"
"Acceldata","acceldata.io",,"http://www.acceldata.io","http://www.linkedin.com/company/acceldata","2018","35M",35000000,"Tier 1","true"
"Xoxoday","xoxoday.com",,"http://www.xoxoday.com","http://www.linkedin.com/company/xoxoday","2012","26M",26000000,"Tier 1","true"
"Accela","accela.com",,"http://www.accela.com","http://www.linkedin.com/company/accela-inc-","1999","144.4M",144400000,"Tier 1","true"
"Triple Whale","triplewhale.com",,"http://www.triplewhale.com","http://www.linkedin.com/company/triple-whale","2021","21.6M",21600000,"Tier 1","true"
"Intelligence Node","intelligencenode.com",,"http://www.intelligencenode.com","http://www.linkedin.com/company/intelligencenode","2012","17M",17000000,"Tier 1","true"
"Quid","quid.com",,"http://www.quid.com","http://www.linkedin.com/company/quidofficial","2004","38.2M",38200000,"Tier 1","true"
"Typeface","typeface.ai",,"http://www.typeface.ai","http://www.linkedin.com/company/typefaceai","2022","34.3M",34300000,"Tier 1","true"
"GoGuardian","goguardian.com",,"http://www.goguardian.com","http://www.linkedin.com/company/goguardian","2014","147M",147000000,"Tier 1","true"
"Skit.ai","skit.ai",,"http://www.skit.ai","http://www.linkedin.com/company/skit-ai","2016","5M",5000000,"Tier 1","true"
"LocoNav","loconav.com",,"http://www.loconav.com","http://www.linkedin.com/company/loconav.com","2016","48.7M",48700000,"Tier 1","true"
"SandboxAQ","sandboxaq.com",,"http://www.sandboxaq.com","http://www.linkedin.com/company/sandboxaq","2021","17.8M",17800000,"Tier 1","false"
"AccuKnox","accuknox.com",,"http://www.accuknox.com","http://www.linkedin.com/company/accuknox","2020","16.5M",16500000,"Tier 1","true"
"Lacework","lacework.com",,"http://www.lacework.com","http://www.linkedin.com/company/lacework","2015","350M",350000000,"Tier 1","true"
"DroneUp","droneup.com",,"http://www.droneup.com","http://www.linkedin.com/company/godroneup","2016","8.8M",8800000,"Tier 1","false"
"Personetics","personetics.com",,"http://www.personetics.com","http://www.linkedin.com/company/personetics","2011","45M",45000000,"Tier 1","true"
"Venmo","venmo.com",,"http://www.venmo.com","http://www.linkedin.com/company/venmo","2009","1.7B",1700000000,"Tier 1","false"
"Earnix","earnix.com",,"http://www.earnix.com","http://www.linkedin.com/company/earnix","2001","100M",100000000,"Tier 1","false"
"Jasper","jasper.ai",,"http://www.jasper.ai","http://www.linkedin.com/company/heyjasperai","2020","88M",88000000,"Tier 1","true"
"TetraScience","tetrascience.com",,"http://www.tetrascience.com","http://www.linkedin.com/company/tetrascience","2019","24M",24000000,"Tier 1","true"
"Bird","bird.co",,"http://www.bird.co","http://www.linkedin.com/company/birdapp","2017","189.4M",189362000,"Tier 1","false"
"Muck Rack","muckrack.com",,"http://www.muckrack.com","http://www.linkedin.com/company/muckrack","2009","143.1M",143100000,"Tier 1","true"
"Alert Logic","alertlogic.com",,"http://www.alertlogic.com","http://www.linkedin.com/company/alert-logic","2002","150M",150000000,"Tier 1","true"
"Sensor Tower","sensortower.com",,"http://www.sensortower.com","http://www.linkedin.com/company/sensor-tower","2013","17M",17000000,"Tier 1","true"
"Devo","devo.com",,"http://www.devo.com","http://www.linkedin.com/company/devoinc","2011","70.6M",70600000,"Tier 1","true"
"CareStack™ - Dental Practice Management","carestack.com",,"http://www.carestack.com","http://www.linkedin.com/company/carestack","2015","126M",126000000,"Tier 1","true"
"Olo","olo.com",,"http://www.olo.com","http://www.linkedin.com/company/olo","2005","314.3M",314327000,"Tier 1","true"
"CloudBees","cloudbees.com",,"http://www.cloudbees.com","http://www.linkedin.com/company/cloudbees","2010","150M",150000000,"Tier 1","true"
"The Browser Company","thebrowser.company",,"http://www.thebrowser.company","http://www.linkedin.com/company/the-browser-company","2019","22.6M",22600000,"Tier 1","false"
"Second Front","secondfront.com",,"http://www.secondfront.com","http://www.linkedin.com/company/secondfront","2014","28M",28000000,"Tier 1","true"
"Mynd","mynd.co",,"http://www.mynd.co","http://www.linkedin.com/company/myndrealestate","2016","66.3M",66300000,"Tier 1","false"
"brightwheel","mybrightwheel.com",,"http://www.mybrightwheel.com","http://www.linkedin.com/company/brightwheel","2014","37.5M",37500000,"Tier 1","true"
"Redwood Software","redwood.com",,"http://www.redwood.com","http://www.linkedin.com/company/redwood-software","1993","76.7M",76700000,"Tier 1","true"
"Acorns","acorns.com",,"http://www.acorns.com","http://www.linkedin.com/company/acorns-grow-inc-","2012","262.9M",262900000,"Tier 1","true"
"CJ","cj.com",,"http://www.cj.com","http://www.linkedin.com/company/commission-junction","1998","502.2M",502200000,"Tier 1","false"
"Cognition","cognition.ai",,"http://www.cognition.ai","http://www.linkedin.com/company/cognition-ai-labs",,"155M",155000000,"Tier 1","true"
"Cordial","cordial.com",,"http://www.cordial.com","http://www.linkedin.com/company/becordial","2014","17.2M",17200000,"Tier 1","true"
"LambdaTest is now TestMu AI","lambdatest.com",,"http://www.lambdatest.com","http://www.linkedin.com/company/lambdatest","2018","21M",21000000,"Tier 1","true"
"inFeedo AI","infeedo.ai",,"http://www.infeedo.ai","http://www.linkedin.com/company/infeedo","2016","16.1M",16100000,"Tier 1","true"
"Aryaka","aryaka.com",,"http://www.aryaka.com","http://www.linkedin.com/company/aryaka-networks","2009","125M",125000000,"Tier 1","true"
"SingleStore","singlestore.com",,"http://www.singlestore.com","http://www.linkedin.com/company/singlestore","2011","123M",123000000,"Tier 1","true"
"Sendoso","sendoso.com",,"http://www.sendoso.com","http://www.linkedin.com/company/sendoso","2016","84.8M",84800000,"Tier 1","true"
"Wattpad","wattpad.com",,"http://www.wattpad.com","http://www.linkedin.com/company/wattpad","2006","50.3M",50300000,"Tier 1","true"
"Filevine","filevine.com",,"http://www.filevine.com","http://www.linkedin.com/company/filevine","2015","105M",105000000,"Tier 1","true"
"BlueJeans by Verizon","bluejeans.com",,"http://www.bluejeans.com","http://www.linkedin.com/company/bluejeans-by-verizon","2009","100M",100000000,"Tier 1","true"
"AlayaCare","alayacare.com",,"http://www.alayacare.com","http://www.linkedin.com/company/alayacare-inc","2014","100.3M",100300000,"Tier 1","true"
"Scienaptic AI","scienaptic.ai",,"http://www.scienaptic.ai","http://www.linkedin.com/company/scienaptic-ai","2014","16.7M",16700000,"Tier 1","true"
"Carbon","carbon3d.com",,"http://www.carbon3d.com","http://www.linkedin.com/company/carbon","2013","100M",100000000,"Tier 1","false"
"Iterable","iterable.com",,"http://www.iterable.com","http://www.linkedin.com/company/iterable","2013","167.2M",167200000,"Tier 1","true"
"NetSPI","netspi.com",,"http://www.netspi.com","http://www.linkedin.com/company/netspi","2001","175.7M",175700000,"Tier 1","false"
"lemlist","lemlist.com",,"http://www.lemlist.com","http://www.linkedin.com/company/lemlist","2018","28M",28000000,"Tier 1","true"
"Locus","locus.sh",,"http://www.locus.sh","http://www.linkedin.com/company/locus-sh","2015","35.3M",35300000,"Tier 1","true"
"PermitFlow","permitflow.com",,"http://www.permitflow.com","http://www.linkedin.com/company/permitflow","2021","26.7M",26700000,"Tier 1","true"
"Bidgely","bidgely.com",,"http://www.bidgely.com","http://www.linkedin.com/company/bidgely","2011","31.2M",31200000,"Tier 1","true"
"Classera","classera.com",,"http://www.classera.com","http://www.linkedin.com/company/classera-inc-","2012","4.6M",4555000,"Tier 1","true"
"Nuvolo","nuvolo.com",,"http://www.nuvolo.com","http://www.linkedin.com/company/nuvolo","2013","31.5M",31500000,"Tier 1","true"
"Increff","increff.com",,"http://www.increff.com","http://www.linkedin.com/company/increff","2016","12.9M",12900000,"Tier 1","true"
"LaunchDarkly","launchdarkly.com",,"http://www.launchdarkly.com","http://www.linkedin.com/company/launchdarkly","2014","200M",200000000,"Tier 1","true"
"InvoiceCloud, Inc.","invoicecloud.net",,"http://www.invoicecloud.net","http://www.linkedin.com/company/invoice-cloud-inc","2009","35M",35000000,"Tier 1","true"
"Helpshift","helpshift.com",,"http://www.helpshift.com","http://www.linkedin.com/company/helpshift","2011","21.2M",21200000,"Tier 1","true"
"Tango","tangoanalytics.com",,"http://www.tangoanalytics.com","http://www.linkedin.com/company/tango-analytics","2008","33.4M",33400000,"Tier 1","true"
"Benchling","benchling.com",,"http://www.benchling.com","http://www.linkedin.com/company/benchling","2012","210M",210000000,"Tier 1","true"
"Suzy","suzy.com",,"http://www.suzy.com","http://www.linkedin.com/company/asksuzy","2017","50M",50000000,"Tier 1","true"
"IVP","ivp.com",,"http://www.ivp.com","http://www.linkedin.com/company/ivpvc","1980","5.5M",5500000,"Tier 1","false"
"Newforma","newforma.com",,"http://www.newforma.com","http://www.linkedin.com/company/newforma-inc","2003","31.9M",31900000,"Tier 1","true"
"WeTravel","wetravel.com",,"http://www.wetravel.com","http://www.linkedin.com/company/wetravel","2016","74.8M",74800000,"Tier 1","true"
"ClearCo","clearcompany.com",,"http://www.clearcompany.com","http://www.linkedin.com/company/clearcompany-talent-management-software","2004","52.9M",52900000,"Tier 1","true"
"Totango","totango.com",,"http://www.totango.com","http://www.linkedin.com/company/totango","2010","25.4M",25400000,"Tier 1","true"
"Rocketlane","rocketlane.com",,"http://www.rocketlane.com","http://www.linkedin.com/company/rocketlane","2020","12.5M",12500000,"Tier 1","true"
"Kalshi","kalshi.com",,"http://www.kalshi.com","http://www.linkedin.com/company/kalshi","2019","263.5M",263500000,"Tier 1","false"
"Climate","climate.com",,"http://www.climate.com","http://www.linkedin.com/company/climate-llc","2006","206.2M",206200000,"Tier 1","true"
"Gametime","gametime.co",,"http://www.gametime.co","http://www.linkedin.com/company/gametime-united","2013","24M",24000000,"Tier 1","false"
"DevRev","devrev.ai",,"http://www.devrev.ai","http://www.linkedin.com/company/devrev","2020","169M",169000000,"Tier 1","true"
"ZOLA iNTELLIGENCE","zolaintelligence.com",,"http://www.zolaintelligence.com","http://www.linkedin.com/company/zolaintelligence","2023","22M",22000000,"Tier 1","false"
"GoCanvas","gocanvas.com",,"http://www.gocanvas.com","http://www.linkedin.com/company/gocanvas","2008","35.1M",35100000,"Tier 1","true"
"Workleap","workleap.com",,"http://www.workleap.com","http://www.linkedin.com/company/workleaphq","2006","108.8M",108800000,"Tier 1","true"
"PulsePoint","pulsepoint.com",,"http://www.pulsepoint.com","http://www.linkedin.com/company/pulsepoint","2011","29.5M",29500000,"Tier 1","true"
"Pythian","pythian.com",,"http://www.pythian.com","http://www.linkedin.com/company/pythian","1997","120M",120000000,"Tier 1","false"
"Persona","withpersona.com",,"http://www.withpersona.com","http://www.linkedin.com/company/persona-identities","2018","141.2M",141200000,"Tier 1","true"
"RudderStack","rudderstack.com",,"http://www.rudderstack.com","http://www.linkedin.com/company/rudderstack","2019","16.3M",16300000,"Tier 1","true"
"Second Nature","secondnature.com",,"http://www.secondnature.com","http://www.linkedin.com/company/secondnaturenow","2012","30M",30000000,"Tier 1","false"
"Teikametrics","teikametrics.com",,"http://www.teikametrics.com","http://www.linkedin.com/company/teikametrics","2015","45.1M",45100000,"Tier 1","true"
"Pipe","pipe.com",,"http://www.pipe.com","http://www.linkedin.com/company/pipetechnologies","2019","42M",42000000,"Tier 1","false"
"Superhuman Mail","superhuman.com",,"http://www.superhuman.com","http://www.linkedin.com/company/superhuman-co","2015","35M",35000000,"Tier 1","true"
"Dashlane","dashlane.com",,"http://www.dashlane.com","http://www.linkedin.com/company/dashlane","2009","113.4M",113400000,"Tier 1","true"
"ada CX","ada.cx",,"http://www.ada.cx","http://www.linkedin.com/company/ada-cx","2016","70.6M",70600000,"Tier 1","true"
"Ellevation Education","ellevationeducation.com",,"http://www.ellevationeducation.com","http://www.linkedin.com/company/ellevation-education","2011","37M",37000000,"Tier 1","true"
"Cheetah Digital by Marigold","cheetahdigital.com",,"http://www.cheetahdigital.com","http://www.linkedin.com/company/cheetahdigitalbymarigold","1998","300M",300000000,"Tier 1","true"
"Botify","botify.com",,"http://www.botify.com","http://www.linkedin.com/company/botify","2012","18.1M",18100000,"Tier 1","true"
"ELB Learning","elblearning.com",,"http://www.elblearning.com","http://www.linkedin.com/company/elblearning","2009","43.7M",43700000,"Tier 1","true"
"Asper.ai","asper.ai",,"http://www.asper.ai","http://www.linkedin.com/company/asperai","2022","",,"Tier 1","true"
"TCV","tcv.com",,"http://www.tcv.com","http://www.linkedin.com/company/technology-crossover-ventures","1995","12M",12000000,"Tier 1","false"
"Highspot","highspot.com",,"http://www.highspot.com","http://www.linkedin.com/company/highspot","2012","450M",450000000,"Tier 1","true"
"GTMfund","gtmfund.com",,"http://www.gtmfund.com","http://www.linkedin.com/company/gtmfund","2020","1.7M",1700000,"Tier 1","false"
"N3","n3realestate.com",,"http://www.n3realestate.com","http://www.linkedin.com/company/n3","2004","",,"Tier 1","false"
"Plex, by Rockwell Automation","",,"","http://www.linkedin.com/company/plex-by-rockwell-automation","1995","165.9M",165900000,"Tier 1",
"TEOCO","teoco.com",,"http://www.teoco.com","http://www.linkedin.com/company/teoco","1994","200M",200000000,"Tier 1","true"
"myKaarma","mykaarma.com",,"http://www.mykaarma.com","http://www.linkedin.com/company/mykaarma","2012","28.4M",28400000,"Tier 1","true"
"AiDASH","aidash.com",,"http://www.aidash.com","http://www.linkedin.com/company/aidash","2019","94.6M",94600000,"Tier 1","true"
"Kustomer","kustomer.com",,"http://www.kustomer.com","http://www.linkedin.com/company/kustomer","2015","23.2M",23200000,"Tier 1","true"
"Decisions","decisions.com",,"http://www.decisions.com","http://www.linkedin.com/company/decisions","2010","33M",33000000,"Tier 1","true"
"LastPass","lastpass.com",,"http://www.lastpass.com","http://www.linkedin.com/company/lastpass","2008","90.5M",90500000,"Tier 1","true"
"Maze","maze.co",,"http://www.maze.co","http://www.linkedin.com/company/mazedesign","2018","20.4M",20400000,"Tier 1","true"
"Attentive.ai","attentive.ai",,"http://www.attentive.ai","http://www.linkedin.com/company/attentive.ai","2017","57.9M",57900000,"Tier 1","true"
"The Daily Wire","dailywire.com",,"http://www.dailywire.com","http://www.linkedin.com/company/thedailywire","2015","200M",200000000,"Tier 1","false"
"TraceLink","tracelink.com",,"http://www.tracelink.com","http://www.linkedin.com/company/tracelink","2009","213.5M",213500000,"Tier 1","true"
"Profit.co","profit.co",,"http://www.profit.co","http://www.linkedin.com/company/profit-the-metric","2018","5.4M",5400000,"Tier 1","true"
"GRIN","grin.co",,"http://www.grin.co","http://www.linkedin.com/company/grin-inc-","2014","17.3M",17300000,"Tier 1","true"
"Novo","novo.co",,"http://www.novo.co","http://www.linkedin.com/company/novo-hq","2016","129.2M",129200000,"Tier 1","false"
"CARTO","carto.com",,"http://www.carto.com","http://www.linkedin.com/company/carto","2012","28.9M",28900000,"Tier 1","true"
"Google Cloud Security","siemplify.co",,"http://www.siemplify.co","http://www.linkedin.com/company/googlecloudsecurity","2018","50M",50000000,"Tier 1","true"
"ReversingLabs","reversinglabs.com",,"http://www.reversinglabs.com","http://www.linkedin.com/company/reversinglabs","2009","82.9M",82900000,"Tier 1","true"
"M-Files","m-files.com",,"http://www.m-files.com","http://www.linkedin.com/company/m-files-corporation","2002","100M",100000000,"Tier 1","true"
"Popmenu","popmenu.com",,"http://www.popmenu.com","http://www.linkedin.com/company/popmenu","2016","59.2M",59200000,"Tier 1","true"
"Driivz","driivz.com",,"http://www.driivz.com","http://www.linkedin.com/company/driivz","2013","25M",25000000,"Tier 1","true"
"BigPanda","bigpanda.io",,"http://www.bigpanda.io","http://www.linkedin.com/company/bigpanda","2012","55M",55000000,"Tier 1","true"
"eLocal","elocal.com",,"http://www.elocal.com","http://www.linkedin.com/company/elocal","2008","9.8M",9800000,"Tier 1","false"
"8VC","8vc.com",,"http://www.8vc.com","http://www.linkedin.com/company/8vc","2015","20M",20000000,"Tier 1","false"
"Vendr","vendr.com",,"http://www.vendr.com","http://www.linkedin.com/company/vendr-co","2019","94.8M",94800000,"Tier 1","true"
"Island","island.io",,"http://www.island.io","http://www.linkedin.com/company/island-io","2020","87M",87000000,"Tier 1","true"
"Ethoca","ethoca.com",,"http://www.ethoca.com","http://www.linkedin.com/company/ethoca-limited","2005","40M",40000000,"Tier 1","false"
"Zone & Co","zoneandco.com",,"http://www.zoneandco.com","http://www.linkedin.com/company/zoneandco","2013","22.1M",22100000,"Tier 1","false"
"Advanced Solutions International, Inc.","advsol.com",,"http://www.advsol.com","http://www.linkedin.com/company/advanced-solutions-international-inc.","1991","52.4M",52400000,"Tier 1","true"
"Jungle Scout","junglescout.com",,"http://www.junglescout.com","http://www.linkedin.com/company/junglescout","2015","19.8M",19800000,"Tier 1","true"
"Bitly","bitly.com",,"http://www.bitly.com","http://www.linkedin.com/company/bitly","2008","100M",100000000,"Tier 1","true"
"Aviso AI","aviso.com",,"http://www.aviso.com","http://www.linkedin.com/company/aviso-inc","2014","37M",37000000,"Tier 1","true"
"FloQast","floqast.com",,"http://www.floqast.com","http://www.linkedin.com/company/floqast","2013","200M",200000000,"Tier 1","true"
"Pathrise","pathrise.com",,"http://www.pathrise.com","http://www.linkedin.com/school/pathrise","2017","42.3M",42300000,"Tier 1","false"
"Roboflow","roboflow.com",,"http://www.roboflow.com","http://www.linkedin.com/company/roboflow-ai","2019","9.6M",9600000,"Tier 1","true"
"Carnegie Learning","carnegielearning.com",,"http://www.carnegielearning.com","http://www.linkedin.com/company/carnegie-learning","1994","320.7M",320700000,"Tier 1","true"
"Allyis","allyis.com",,"http://www.allyis.com","http://www.linkedin.com/company/allyis","1996","39.6M",39600000,"Tier 1","false"
"Shoplazza","shoplazza.com",,"http://www.shoplazza.com","http://www.linkedin.com/company/shoplazza","2017","33.8M",33800000,"Tier 1","true"
"BillingPlatform","billingplatform.com",,"http://www.billingplatform.com","http://www.linkedin.com/company/billingplatform","2012","25.3M",25300000,"Tier 1","true"
"Optiva Inc.","optiva.com",,"http://www.optiva.com","http://www.linkedin.com/company/optivainc","1999","45.8M",45828000,"Tier 1","true"
"Campaign Monitor by Marigold","campaignmonitor.com",,"http://www.campaignmonitor.com","http://www.linkedin.com/company/campaign-monitor","2004","60M",60000000,"Tier 1","true"
"Aurora Solar","aurorasolar.com",,"http://www.aurorasolar.com","http://www.linkedin.com/company/aurora-solar","2013","35M",35000000,"Tier 1","true"
"CharterUP","charterup.com",,"http://www.charterup.com","http://www.linkedin.com/company/charterup","2018","24M",24000000,"Tier 1","true"
"Xanadu","xanadu.ai",,"http://www.xanadu.ai","http://www.linkedin.com/company/xanaduai","2016","123.4M",123400000,"Tier 1","false"
"Contentstack","contentstack.com",,"http://www.contentstack.com","http://www.linkedin.com/company/contentstack","2018","100.9M",100900000,"Tier 1","true"
"Draup","draup.com",,"http://www.draup.com","http://www.linkedin.com/company/draupplatform","2018","57.8M",57800000,"Tier 1","true"
"COFENSE","cofense.com",,"http://www.cofense.com","http://www.linkedin.com/company/cofense","2011","55.5M",55500000,"Tier 1","true"
"Greenly | Certified B Corp","greenly.earth",,"http://www.greenly.earth","http://www.linkedin.com/company/greenly-earth","2019","110.3M",110300000,"Tier 1","true"
"Goldcast","goldcast.io",,"http://www.goldcast.io","http://www.linkedin.com/company/goldcast","2020","10.8M",10800000,"Tier 1","true"
"Chainguard","chainguard.dev",,"http://www.chainguard.dev","http://www.linkedin.com/company/chainguard-dev","2021","40M",40000000,"Tier 1","true"
"Arcadia","arcadia.com",,"http://www.arcadia.com","http://www.linkedin.com/company/arcadiahq","2014","270M",270000000,"Tier 1","true"
"AppOmni","appomni.com",,"http://www.appomni.com","http://www.linkedin.com/company/appomni","2018","54.4M",54400000,"Tier 1","true"
"iCrossing","icrossing.com",,"http://www.icrossing.com","http://www.linkedin.com/company/icrossing","1998","160M",160000000,"Tier 1","false"
"Recurly","recurly.com",,"http://www.recurly.com","http://www.linkedin.com/company/recurly","2009","71M",71000000,"Tier 1","true"
"CHAMP","champtitles.com",,"http://www.champtitles.com","http://www.linkedin.com/company/champtitles","2018","13.2M",13200000,"Tier 1","true"
"Farmers Edge","farmersedge.ca",,"http://www.farmersedge.ca","http://www.linkedin.com/company/farmers-edge","2005","15.5M",15547000,"Tier 1","true"
"UnifyApps","unifyapps.com",,"http://www.unifyapps.com","http://www.linkedin.com/company/unifyapps","2023","18.7M",18700000,"Tier 1","false"
"Airalo","airalo.com",,"http://www.airalo.com","http://www.linkedin.com/company/airalocom","2019","103.8M",103800000,"Tier 1","false"
"Teleport","goteleport.com",,"http://www.goteleport.com","http://www.linkedin.com/company/go-teleport","2015","49M",49000000,"Tier 1","true"
"Scribe","scribe.com",,"http://www.scribe.com","http://www.linkedin.com/company/scribehow","2019","12.5M",12500000,"Tier 1","true"
"Next Insurance","nextinsurance.com",,"http://www.nextinsurance.com","http://www.linkedin.com/company/nextinsurance","2016","548M",548000000,"Tier 1","false"
"Solutions by Text","solutionsbytext.com",,"http://www.solutionsbytext.com","http://www.linkedin.com/company/solutionsbytext","2008","80M",80000000,"Tier 1","true"
"Humand","humand.co",,"http://www.humand.co","http://www.linkedin.com/company/humand-co","2019","49.8M",49800000,"Tier 1","true"
"UniUni","uniuni.com",,"http://www.uniuni.com","http://www.linkedin.com/company/uniunidelivery","2019","101.5M",101500000,"Tier 1","false"
"Otter.ai","otter.ai",,"http://www.otter.ai","http://www.linkedin.com/company/otter-ai","2016","100M",100000000,"Tier 1","true"
"EV Connect","evconnect.com",,"http://www.evconnect.com","http://www.linkedin.com/company/ev-connect","2009","33.2M",33200000,"Tier 1","true"
"Vidyard","vidyard.com",,"http://www.vidyard.com","http://www.linkedin.com/company/vidyard","2011","47.7M",47700000,"Tier 1","true"
"Vectra AI","vectra.ai",,"http://www.vectra.ai","http://www.linkedin.com/company/vectra_ai","2011","150M",150000000,"Tier 1","true"
"Partnerize","partnerize.com",,"http://www.partnerize.com","http://www.linkedin.com/company/partnerize","2010","65.7M",65700000,"Tier 1","true"
"Lavender 💜🔮 www.ora.im","lavender.ai",,"http://www.lavender.ai","http://www.linkedin.com/company/itslavenderduh","2020","11.9M",11900000,"Tier 1","true"
"Socure","socure.com",,"http://www.socure.com","http://www.linkedin.com/company/socure","2012","125.4M",125400000,"Tier 1","true"
"Current Health","currenthealth.com",,"http://www.currenthealth.com","http://www.linkedin.com/company/currenthealth","2015","50M",50000000,"Tier 1","true"
"Achievers","achievers.com",,"http://www.achievers.com","http://www.linkedin.com/company/achievers","2002","75M",75000000,"Tier 1","true"
"Mastercard Dynamic Yield","dynamicyield.com",,"http://www.dynamicyield.com","http://www.linkedin.com/company/dynamic-yield","2011","85M",85000000,"Tier 1","true"
"Bigtincan","bigtincan.com",,"http://www.bigtincan.com","http://www.linkedin.com/company/bigtincan","2011","78.1M",78075000,"Tier 1","true"
"Jane App","jane.app",,"http://www.jane.app","http://www.linkedin.com/company/janerunsclinics","2012","100M",100000000,"Tier 1","true"
"GlossGenius","glossgenius.com",,"http://www.glossgenius.com","http://www.linkedin.com/company/glossgenius","2016","6.8M",6800000,"Tier 1","true"
"KiwiTech","kiwitech.com",,"http://www.kiwitech.com","http://www.linkedin.com/company/kiwitech","2009","112.9M",112900000,"Tier 1","false"
"Slice","slice.com",,"http://www.slice.com","http://www.linkedin.com/company/slice","2010","100M",100000000,"Tier 1","true"
"Taulia","",,"","http://www.linkedin.com/company/taulia","2009","48.8M",48800000,"Tier 1",
"Disprz","disprz.ai",,"http://www.disprz.ai","http://www.linkedin.com/company/disprz","2015","12M",12000000,"Tier 1","true"
"Colossal Biosciences","colossal.com",,"http://www.colossal.com","http://www.linkedin.com/company/colossal","2021","2M",2000000,"Tier 1","false"
"Yotpo","yotpo.com",,"http://www.yotpo.com","http://www.linkedin.com/company/yotpo","2011","213M",213000000,"Tier 1","true"
"Quickbase","quickbase.com",,"http://www.quickbase.com","http://www.linkedin.com/company/quickbase","1999","94.9M",94900000,"Tier 1","true"
"Azurity Pharmaceuticals","azurity.com",,"http://www.azurity.com","http://www.linkedin.com/company/azuritypharmaceuticals","2000","150M",150000000,"Tier 1","false"
"Krisp","krisp.ai",,"http://www.krisp.ai","http://www.linkedin.com/company/krisphq","2017","37.7M",37700000,"Tier 1","true"
"Fullbay","fullbay.com",,"http://www.fullbay.com","http://www.linkedin.com/company/fullbay","2014","19.4M",19400000,"Tier 1","true"
"Coralogix","coralogix.com",,"http://www.coralogix.com","http://www.linkedin.com/company/coralogix","2014","100M",100000000,"Tier 1","true"
"EverTrue","evertrue.com",,"http://www.evertrue.com","http://www.linkedin.com/company/evertrue","2010","34.6M",34600000,"Tier 1","true"
"Humi by Employment Hero","",,"","http://www.linkedin.com/company/humi-hr",,"",,"Tier 1",
"Q4","q4inc.com",,"http://www.q4inc.com","http://www.linkedin.com/company/q4-inc","2006","85M",85000000,"Tier 1","true"
"MedeAnalytics","medeanalytics.com",,"http://www.medeanalytics.com","http://www.linkedin.com/company/medeanalytics-inc","1993","42.8M",42800000,"Tier 1","true"
"Neostella","neostella.com",,"http://www.neostella.com","http://www.linkedin.com/company/neostella","2019","42.4M",42400000,"Tier 1","true"
"Intro","intro.co",,"http://www.intro.co","http://www.linkedin.com/company/useintro","2020","22.7M",22700000,"Tier 1","false"
"Algo","algo.com",,"http://www.algo.com","http://www.linkedin.com/company/algoai","2016","51.5M",51500000,"Tier 1","true"
"SOCi.ai","soci.ai",,"http://www.soci.ai","http://www.linkedin.com/company/soci-ai","2012","100M",100000000,"Tier 1","true"
"Orum 🥇","orum.com",,"http://www.orum.com","http://www.linkedin.com/company/orumhq","2018","36M",36000000,"Tier 1","true"
"Seven Seven Six 7️⃣7️⃣6️⃣","sevensevensix.com",,"http://www.sevensevensix.com","http://www.linkedin.com/company/sevensevensix","2020","",,"Tier 1","false"
"Skyflow","skyflow.com",,"http://www.skyflow.com","http://www.linkedin.com/company/skyflow","2019","19.8M",19800000,"Tier 1","true"
"BuildOps","buildops.com",,"http://www.buildops.com","http://www.linkedin.com/company/buildops","2018","97.4M",97400000,"Tier 1","true"
"CloudTalk","cloudtalk.io",,"http://www.cloudtalk.io","http://www.linkedin.com/company/cloudtalk.io","2016","11.8M",11800000,"Tier 1","true"
"GoodData","gooddata.com",,"http://www.gooddata.com","http://www.linkedin.com/company/gooddata","2007","63M",63000000,"Tier 1","true"
"Fyle","fylehq.com",,"http://www.fylehq.com","http://www.linkedin.com/company/fyle","2016","3M",3000000,"Tier 1","true"
"TigerGraph","tigergraph.com",,"http://www.tigergraph.com","http://www.linkedin.com/company/tigergraph","2012","14.1M",14100000,"Tier 1","true"
"Aras Corporation","aras.com",,"http://www.aras.com","http://www.linkedin.com/company/aras-corporation","2000","17M",17000000,"Tier 1","true"
"Ergeon","ergeon.com",,"http://www.ergeon.com","http://www.linkedin.com/company/ergeoninc","2018","62.9M",62900000,"Tier 1","false"
"Visier Inc.","visier.com",,"http://www.visier.com","http://www.linkedin.com/company/visier-analytics","2010","147.3M",147300000,"Tier 1","true"
"Cynet Security","cynet.com",,"http://www.cynet.com","http://www.linkedin.com/company/cynet-security","2014","51.1M",51087000,"Tier 1","true"
"Adobe Workfront","workfront.com",,"http://www.workfront.com","http://www.linkedin.com/company/adobeworkfront","2001","200M",200000000,"Tier 1","true"
"Bench Accounting by Mainstreet","",,"","http://www.linkedin.com/company/benchaccounting","2012","48.9M",48949000,"Tier 1",
"SoftLayer, an IBM Company","softlayer.com",,"http://www.softlayer.com","http://www.linkedin.com/company/softlayer-technologies-inc-","2005","101M",101000000,"Tier 1","false"
"Infinidat","infinidat.com",,"http://www.infinidat.com","http://www.linkedin.com/company/infinidat","2011","108M",108000000,"Tier 1","false"
"Mistral AI","mistral.ai",,"http://www.mistral.ai","http://www.linkedin.com/company/mistralai","2023","100M",100000000,"Tier 1","true"
"Mirakl","mirakl.com",,"http://www.mirakl.com","http://www.linkedin.com/company/mirakl","2012","177M",177000000,"Tier 1","true"
"Treatwell","treatwell.com",,"http://www.treatwell.com","http://www.linkedin.com/company/treatwell-com","2008","12M",12000000,"Tier 1","true"
"Lovable","lovable.dev",,"http://www.lovable.dev","http://www.linkedin.com/company/lovable-dev","2023","200M",200000000,"Tier 1","true"
"Bending Spoons","bendingspoons.com",,"http://www.bendingspoons.com","http://www.linkedin.com/company/bendingspoons","2013","230M",230000000,"Tier 1","false"
"n8n","n8n.io",,"http://www.n8n.io","http://www.linkedin.com/company/n8n","2019","40M",40000000,"Tier 1","true"
"Swile","swile.co",,"http://www.swile.co","http://www.linkedin.com/company/swile","2018","213M",213000000,"Tier 1","true"
"hackajob","hackajob.com",,"http://www.hackajob.com","http://www.linkedin.com/company/hackajob","2014","44M",44000000,"Tier 1","true"
"Index Ventures","indexventures.com",,"http://www.indexventures.com","http://www.linkedin.com/company/index-ventures","1996","63M",63000000,"Tier 1","false"
"Typeform","",,"","http://www.linkedin.com/company/typeform-","2012","78M",78000000,"Tier 1",
"Shipsy","shipsy.io",,"http://www.shipsy.io","http://www.linkedin.com/company/shipsy","2015","27.1M",27100000,"Tier 1","true"
"Cobee","pluxee.es",,"http://www.pluxee.es","http://www.linkedin.com/company/cobee-by-pluxee","2019","",,"Tier 1","true"
"PayFit","payfit.com",,"http://www.payfit.com","http://www.linkedin.com/company/payfit","2015","155.7M",155700000,"Tier 1","true"
"Hg","hgcapital.com",,"http://www.hgcapital.com","http://www.linkedin.com/company/hgcapital","2000","350M",350000000,"Tier 1","false"
"Cegid for HR","",,"","http://www.linkedin.com/company/cegidforhr",,"",,"Tier 1",
"Talentsoft","talentsoft.com",,"http://www.talentsoft.com","http://www.linkedin.com/company/talentsoft","2007","132M",132000000,"Tier 1","true"
"Fenergo","fenergo.com",,"http://www.fenergo.com","http://www.linkedin.com/company/fenergo","2009","162M",162000000,"Tier 1","true"
"Cognism","cognism.com",,"http://www.cognism.com","http://www.linkedin.com/company/cognism","2015","83M",83000000,"Tier 1","true"
"Framer","framer.com",,"http://www.framer.com","http://www.linkedin.com/company/framer","2014","50M",50000000,"Tier 1","true"
"Plentific","plentific.com",,"http://www.plentific.com","http://www.linkedin.com/company/plentific","2012","17M",17000000,"Tier 1","true"
"Spendesk","spendesk.com",,"http://www.spendesk.com","http://www.linkedin.com/company/spendesk","2016","52M",52000000,"Tier 1","true"
"Kpler","kpler.com",,"http://www.kpler.com","http://www.linkedin.com/company/kpler","2014","100M",100000000,"Tier 1","true"
"Quantexa","quantexa.com",,"http://www.quantexa.com","http://www.linkedin.com/company/quantexa","2016","163M",163000000,"Tier 1","true"
"WorkMotion","workmotion.com",,"http://www.workmotion.com","http://www.linkedin.com/company/workmotionglobal","2020","200M",200000000,"Tier 1","true"
"Voodoo","voodoo.io",,"http://www.voodoo.io","http://www.linkedin.com/company/voodoo.io","2013","670M",670000000,"Tier 1","false"
"Leverage Edu","leverageedu.com",,"http://www.leverageedu.com","http://www.linkedin.com/company/leverage-edu","2017","21M",21000000,"Tier 1","true"
"Partech","partechpartners.com",,"http://www.partechpartners.com","http://www.linkedin.com/company/partech","1982","6.5M",6500000,"Tier 1","false"
"Dext","dext.com",,"http://www.dext.com","http://www.linkedin.com/company/hellodext","2010","54.3M",54300000,"Tier 1","true"
"Pennylane","pennylane.com",,"http://www.pennylane.com","http://www.linkedin.com/company/pennylaneaccounting","2020","115M",115000000,"Tier 1","true"
"Pleo","pleo.io",,"http://www.pleo.io","http://www.linkedin.com/company/pleo-company","2015","108M",108000000,"Tier 1","true"
"BizAway","bizaway.com",,"http://www.bizaway.com","http://www.linkedin.com/company/bizaway","2015","20.2M",20200000,"Tier 1","true"
"Mambu","mambu.com",,"http://www.mambu.com","http://www.linkedin.com/company/mambu","2011","128.6M",128600000,"Tier 1","true"
"Shippeo","shippeo.com",,"http://www.shippeo.com","http://www.linkedin.com/company/shippeo","2014","22.3M",22300000,"Tier 1","true"
"Matillion","matillion.com",,"http://www.matillion.com","http://www.linkedin.com/company/matillion-limited","2011","93M",93000000,"Tier 1","true"
"GoCardless","gocardless.com",,"http://www.gocardless.com","http://www.linkedin.com/company/gocardless","2011","160M",160000000,"Tier 1","true"
"Fiscozen","fiscozen.it",,"http://www.fiscozen.it","http://www.linkedin.com/company/fiscozen","2018","5.5M",5500000,"Tier 1","true"
"Nuitée","nuitee.com",,"http://www.nuitee.com","http://www.linkedin.com/company/nuitee","2016","29.5M",29500000,"Tier 1","true"
"Teamwork.com","teamwork.com",,"http://www.teamwork.com","http://www.linkedin.com/company/teamwork-com","2007","83.3M",83300000,"Tier 1","true"
"Lucca","lucca.fr",,"http://www.lucca.fr","http://www.linkedin.com/company/lucca","2002","88M",88000000,"Tier 1","true"
"Brandwatch","brandwatch.com",,"http://www.brandwatch.com","http://www.linkedin.com/company/brandwatch","2007","61.1M",61084000,"Tier 1","true"
"xFarm Technologies","xfarm.ag",,"http://www.xfarm.ag","http://www.linkedin.com/company/xfarm-technologies","2017","39.4M",39400000,"Tier 1","true"
"Paddle","paddle.com",,"http://www.paddle.com","http://www.linkedin.com/company/paddle","2012","100M",100000000,"Tier 1","true"
"Red Points","redpoints.com",,"http://www.redpoints.com","http://www.linkedin.com/company/redpoints","2011","16M",16000000,"Tier 1","true"
"Contentful","contentful.com",,"http://www.contentful.com","http://www.linkedin.com/company/contentful","2013","219M",219000000,"Tier 1","true"
"Ukio","ukio.com",,"http://www.ukio.com","http://www.linkedin.com/company/ukio","2020","7.5M",7493000,"Tier 1","false"
"Lunar","lunar.app",,"http://www.lunar.app","http://www.linkedin.com/company/lunarbank","2015","75M",75000000,"Tier 1","true"
"Brevo","brevo.com",,"http://www.brevo.com","http://www.linkedin.com/company/brevo","2012","233M",233000000,"Tier 1","true"
"Octopus Ventures","octopusventures.com",,"http://www.octopusventures.com","http://www.linkedin.com/company/octopus-ventures","2008","262M",262000000,"Tier 1","false"
"Sana","sanalabs.com",,"http://www.sanalabs.com","http://www.linkedin.com/company/sana-labs","2016","22M",22000000,"Tier 1","true"
"Project A","project-a.com",,"http://www.project-a.com","http://www.linkedin.com/company/project-a-vc","2012","34M",34000000,"Tier 1","false"
"GoodHabitz","goodhabitz.com",,"http://www.goodhabitz.com","http://www.linkedin.com/company/goodhabitz","2011","74.9M",74900000,"Tier 1","true"
"Stuart","stuart.com",,"http://www.stuart.com","http://www.linkedin.com/company/stuartdelivery","2015","154M",154000000,"Tier 1","true"
"Showpad","showpad.com",,"http://www.showpad.com","http://www.linkedin.com/company/showpad","2011","96.3M",96333000,"Tier 1","true"
"Coverflex","coverflex.com",,"http://www.coverflex.com","http://www.linkedin.com/company/getcoverflex","2019","38.5M",38500000,"Tier 1","true"
"Beamery","beamery.com",,"http://www.beamery.com","http://www.linkedin.com/company/beamery","2014","112.8M",112800000,"Tier 1","true"
"Funnel","funnel.io",,"http://www.funnel.io","http://www.linkedin.com/company/funnel-io","2014","50M",50000000,"Tier 1","true"
"LoopMe","loopme.com",,"http://www.loopme.com","http://www.linkedin.com/company/loopme","2012","2B",2000000000,"Tier 1","false"
"Incubeta","incubeta.com",,"http://www.incubeta.com","http://www.linkedin.com/company/incubeta","2001","410M",410000000,"Tier 1","false"
"ComplyAdvantage","complyadvantage.com",,"http://www.complyadvantage.com","http://www.linkedin.com/company/complyadvantage","2014","",,"Tier 1","true"
"TEKEVER","tekever.com",,"http://www.tekever.com","http://www.linkedin.com/company/tekever","2001","68.2M",68200000,"Tier 1","true"
"Plat4mation","plat4mation.com",,"http://www.plat4mation.com","http://www.linkedin.com/company/plat4mation","2013","77.9M",77900000,"Tier 1","false"
"Keepit","keepit.com",,"http://www.keepit.com","http://www.linkedin.com/company/keepit-a-s","2007","52M",52000000,"Tier 1","true"
"Payhawk","payhawk.com",,"http://www.payhawk.com","http://www.linkedin.com/company/payhawk","2018","24M",24000000,"Tier 1","true"
"TOPdesk","topdesk.com",,"http://www.topdesk.com","http://www.linkedin.com/company/topdesk","1993","119M",119000000,"Tier 1","true"
"10x Banking","10xbanking.com",,"http://www.10xbanking.com","http://www.linkedin.com/company/10x-banking","2016","82M",82000000,"Tier 1","true"
"commercetools","commercetools.com",,"http://www.commercetools.com","http://www.linkedin.com/company/commercetools","2010","21M",21000000,"Tier 1","true"
"Silae","silae.fr",,"http://www.silae.fr","http://www.linkedin.com/company/silae","2010","4.2M",4200000,"Tier 1","true"
"HV Capital","hvcapital.com",,"http://www.hvcapital.com","http://www.linkedin.com/company/hvcapital","2000","23.4M",23400000,"Tier 1","false"
"TestGorilla","testgorilla.com",,"http://www.testgorilla.com","http://www.linkedin.com/company/testgorilla","2020","63.5M",63500000,"Tier 1","true"
"Lodgify","lodgify.com",,"http://www.lodgify.com","http://www.linkedin.com/company/lodgify","2012","75M",75000000,"Tier 1","true"
"Fresha","fresha.com",,"http://www.fresha.com","http://www.linkedin.com/company/heyfresha","2015","43.4M",43400000,"Tier 1","true"
"Lingokids","lingokids.com",,"http://www.lingokids.com","http://www.linkedin.com/company/lingokids","2015","31.9M",31900000,"Tier 1","true"
"Expensya","expensya.com",,"http://www.expensya.com","http://www.linkedin.com/company/expensya","2014","26.1M",26100000,"Tier 1","true"
"Atom bank","atombank.co.uk",,"http://www.atombank.co.uk","http://www.linkedin.com/company/atom-bank","2014","132M",132000000,"Tier 1","false"
"GWI","gwi.com",,"http://www.gwi.com","http://www.linkedin.com/company/gwidotcom","2009","48.1M",48084000,"Tier 1","true"
"Monta","monta.com",,"http://www.monta.com","http://www.linkedin.com/company/montaapp","2020","100M",100000000,"Tier 1","true"
"Stream","stream.co",,"http://www.stream.co","http://www.linkedin.com/company/stream-fair-financial-tools","2018","",,"Tier 1","true"
"Zartis","zartis.com",,"http://www.zartis.com","http://www.linkedin.com/company/zartis","2009","36.5M",36500000,"Tier 1","false"
"Numa","numastays.com",,"http://www.numastays.com","http://www.linkedin.com/company/numa-stays","2019","83M",83000000,"Tier 1","false"
"Jet HR","jethr.com",,"http://www.jethr.com","http://www.linkedin.com/company/jethr","2023","37M",37000000,"Tier 1","true"
"Gett","gett.com",,"http://www.gett.com","http://www.linkedin.com/company/gettaxi","2010","143.4M",143400000,"Tier 1","false"
"Smartness","smartness.com",,"http://www.smartness.com","http://www.linkedin.com/company/smartness-com","2020","",,"Tier 1","true"
"Seedcamp","seedcamp.com",,"http://www.seedcamp.com","http://www.linkedin.com/company/seedcamp_2","2007","7.5M",7500000,"Tier 1","false"
"Orgvue","orgvue.com",,"http://www.orgvue.com","http://www.linkedin.com/company/orgvue","2007","52.5M",52500000,"Tier 1","true"
"Lucanet","lucanet.com",,"http://www.lucanet.com","http://www.linkedin.com/company/lucanet-ag","1999","23M",23000000,"Tier 1","true"
"SAP Signavio","signavio.com",,"http://www.signavio.com","http://www.linkedin.com/company/signavio","2009","30M",30000000,"Tier 1","true"
"Emarsys","emarsys.com",,"http://www.emarsys.com","http://www.linkedin.com/company/emarsys","2000","185.4M",185400000,"Tier 1","true"
"Adjust","adjust.com",,"http://www.adjust.com","http://www.linkedin.com/company/adjustcom","2012","141.3M",141300000,"Tier 1","true"
"ifeel","ifeelonline.com",,"http://www.ifeelonline.com","http://www.linkedin.com/company/ifeelonline","2017","192M",192000000,"Tier 1","true"
"Teamtailor","teamtailor.com",,"http://www.teamtailor.com","http://www.linkedin.com/company/teamtailor","2013","47M",47000000,"Tier 1","true"
"Runna","runna.com",,"http://www.runna.com","http://www.linkedin.com/company/runna","2020","19.7M",19700000,"Tier 1","true"
"Bynder","bynder.com",,"http://www.bynder.com","http://www.linkedin.com/company/bynder","2013","130M",130000000,"Tier 1","true"
"Connectd","connectd.com",,"http://www.connectd.com","http://www.linkedin.com/company/connectd-co","2019","12M",12000000,"Tier 1","true"
"Reward Gateway","rewardgateway.com",,"http://www.rewardgateway.com","http://www.linkedin.com/company/reward-gateway","2006","235.0M",234990000,"Tier 1","true"
"Secret Escapes","secretescapes.com",,"http://www.secretescapes.com","http://www.linkedin.com/company/secret-escapes","2010","217M",217000000,"Tier 1","false"
"AKUR8","akur8.com",,"http://www.akur8.com","http://www.linkedin.com/company/akur8","2019","62M",62000000,"Tier 1","true"
"Bank of London","bankoflondon.com",,"http://www.bankoflondon.com","http://www.linkedin.com/company/bankoflondon","2021","110M",110000000,"Tier 1","false"
"Raisin","raisin.com",,"http://www.raisin.com","http://www.linkedin.com/company/join-raisin","2012","198.4M",198400000,"Tier 1","false"
"Supermetrics","supermetrics.com",,"http://www.supermetrics.com","http://www.linkedin.com/company/supermetrics","2013","89.5M",89500000,"Tier 1","true"
"Matera","matera.eu",,"http://www.matera.eu","http://www.linkedin.com/company/materafr","2017","16M",16000000,"Tier 1","true"
"Cooltra","cooltra.com",,"http://www.cooltra.com","http://www.linkedin.com/company/cooltra-com","2006","63M",63000000,"Tier 1","false"
"Smartly","smartly.io",,"http://www.smartly.io","http://www.linkedin.com/company/smartly-io","2013","150M",150000000,"Tier 1","true"
"Unmind","unmind.com",,"http://www.unmind.com","http://www.linkedin.com/company/unmindhq","2016","46.1M",46100000,"Tier 1","true"
"Doctify","doctify.com",,"http://www.doctify.com","http://www.linkedin.com/company/doctify","2015","15.8M",15800000,"Tier 1","true"
"ESG Book","esgbook.com",,"http://www.esgbook.com","http://www.linkedin.com/company/esgbook","2018","49.4M",49400000,"Tier 1","true"
"LIQUIDITY","liquidity.com",,"http://www.liquidity.com","http://www.linkedin.com/company/liquidity","2018","21M",21000000,"Tier 1","false"
"NavVis","navvis.com",,"http://www.navvis.com","http://www.linkedin.com/company/navvis","2013","51.5M",51500000,"Tier 1","true"
"Amenitiz","amenitiz.com",,"http://www.amenitiz.com","http://www.linkedin.com/company/amenitiz","2018","16M",16000000,"Tier 1","true"
"Attio","attio.com",,"http://www.attio.com","http://www.linkedin.com/company/attio","2019","1.8M",1800000,"Tier 1","true"
"Urban Sports Club","urbansportsclub.com",,"http://www.urbansportsclub.com","http://www.linkedin.com/company/urbansportsclub","2012","35M",35000000,"Tier 1","false"
"Akeneo","akeneo.com",,"http://www.akeneo.com","http://www.linkedin.com/company/akeneo","2013","53.2M",53200000,"Tier 1","true"
"Hostaway","hostaway.com",,"http://www.hostaway.com","http://www.linkedin.com/company/hostaway","2015","43.3M",43300000,"Tier 1","true"
"HTGF | High-Tech Gründerfonds","htgf.de",,"http://www.htgf.de","http://www.linkedin.com/company/high-tech-gruenderfonds","2005","7.3M",7344000,"Tier 1","false"
"iziwork","iziwork.com",,"http://www.iziwork.com","http://www.linkedin.com/company/iziwork","2018","268M",268000000,"Tier 1","false"
"Trading 212","trading212.com",,"http://www.trading212.com","http://www.linkedin.com/company/trading212","2004","244M",244000000,"Tier 1","false"
"SAP Hybris","hybris.com",,"http://www.hybris.com","http://www.linkedin.com/company/sap-hybris","1997","150M",150000000,"Tier 1","true"
"Meditopia","meditopia.com",,"http://www.meditopia.com","http://www.linkedin.com/company/meditopia","2015","54.6M",54600000,"Tier 1","true"
"PlanRadar","planradar.com",,"http://www.planradar.com","http://www.linkedin.com/company/planradar","2013","32.1M",32100000,"Tier 1","true"
"Housfy","housfy.com",,"http://www.housfy.com","http://www.linkedin.com/company/housfy","2017","28M",28000000,"Tier 1","false"
"SimScale","simscale.com",,"http://www.simscale.com","http://www.linkedin.com/company/simscale","2012","21.6M",21600000,"Tier 1","true"
"Storyblok","storyblok.com",,"http://www.storyblok.com","http://www.linkedin.com/company/storyblok","2017","80M",80000000,"Tier 1","true"
"IK Partners","ikpartners.com",,"http://www.ikpartners.com","http://www.linkedin.com/company/ik-partners","1989","170M",170000000,"Tier 1","false"
"Deepki","deepki.com",,"http://www.deepki.com","http://www.linkedin.com/company/deepki","2014","28.3M",28310000,"Tier 1","true"
"Quandoo | Online Restaurant Booking","quandoo.com",,"http://www.quandoo.com","http://www.linkedin.com/company/quandoo","2012","116.7M",116700000,"Tier 1","true"
"Choco","choco.com",,"http://www.choco.com","http://www.linkedin.com/company/choco-app","2018","50M",50000000,"Tier 1","true"
"Perkbox","perkbox.com",,"http://www.perkbox.com","http://www.linkedin.com/company/perkbox","2015","47M",47000000,"Tier 1","true"
"Corin Group","coringroup.com",,"http://www.coringroup.com","http://www.linkedin.com/company/corin-ltd","1985","193M",193000000,"Tier 1","true"
"jobvalley","jobvalley.com",,"http://www.jobvalley.com","http://www.linkedin.com/company/jobvalley","2008","129M",129000000,"Tier 1","true"
"Intigriti","intigriti.com",,"http://www.intigriti.com","http://www.linkedin.com/company/intigriti","2016","7.3M",7299000,"Tier 1","true"
"Accedo.tv","accedo.tv",,"http://www.accedo.tv","http://www.linkedin.com/company/accedo-tv","2004","60M",60000000,"Tier 1","true"
"Webfleet","webfleet.com",,"http://www.webfleet.com","http://www.linkedin.com/company/webfleet","2004","60M",60000000,"Tier 1","true"
"Kriya","kriya.co",,"http://www.kriya.co","http://www.linkedin.com/company/kriyafinance","2011","28.1M",28100000,"Tier 1","false"
"DiliTrust","dilitrust.com",,"http://www.dilitrust.com","http://www.linkedin.com/company/dilitrust","2005","22.9M",22931000,"Tier 1","true"
"Locala","asklocala.com",,"http://www.asklocala.com","http://www.linkedin.com/company/ask-locala","2011","45.5M",45500000,"Tier 1","true"
"Expereo","expereo.com",,"http://www.expereo.com","http://www.linkedin.com/company/expereo","2004","450M",450000000,"Tier 1","false"
"Quinyx","quinyx.com",,"http://www.quinyx.com","http://www.linkedin.com/company/quinyx","2005","42.4M",42400000,"Tier 1","true"
"Syncron","syncron.com",,"http://www.syncron.com","http://www.linkedin.com/company/syncron","1999","144.5M",144500000,"Tier 1","true"
"Agicap","agicap.com",,"http://www.agicap.com","http://www.linkedin.com/company/agicap","2016","45.4M",45400000,"Tier 1","true"
"Dotdigital","dotdigital.com",,"http://www.dotdigital.com","http://www.linkedin.com/company/dotdigital","1999","115M",115000000,"Tier 1","true"
"Shop Circle","shopcircle.co",,"http://www.shopcircle.co","http://www.linkedin.com/company/shop-circle","2021","43.3M",43300000,"Tier 1","false"
"Croud","croud.com",,"http://www.croud.com","http://www.linkedin.com/company/croud","2011","17M",17000000,"Tier 1","false"
"Gorilla - Energy Margin Intelligence","gorilla.co",,"http://www.gorilla.co","http://www.linkedin.com/company/gorilladata","2018","10.5M",10500000,"Tier 1","true"
"Signaturit Group","signaturit.com",,"http://www.signaturit.com","http://www.linkedin.com/company/signaturit","2013","27.3M",27300000,"Tier 1","true"
"Paysend","paysend.com",,"http://www.paysend.com","http://www.linkedin.com/company/paysend","2017","100M",100000000,"Tier 1","false"
"Nasstar","nasstar.com",,"http://www.nasstar.com","http://www.linkedin.com/company/nasstar-group","1998","187M",187000000,"Tier 1","false"
"papernest","papernest.com",,"http://www.papernest.com","http://www.linkedin.com/company/papernest","2015","78.2M",78200000,"Tier 1","false"
"PlayPlay","playplay.com",,"http://www.playplay.com","http://www.linkedin.com/company/playplay","2017","48.3M",48300000,"Tier 1","true"
"bsport","bsport.io",,"http://www.bsport.io","http://www.linkedin.com/company/bsportio","2018","10M",10000000,"Tier 1","true"
"Monese","monese.com",,"http://www.monese.com","http://www.linkedin.com/company/monese","2015","33.5M",33509000,"Tier 1","false"
"Ziflow","ziflow.com",,"http://www.ziflow.com","http://www.linkedin.com/company/ziflow","2016","22.5M",22500000,"Tier 1","true"
"Dealfront","dealfront.com",,"http://www.dealfront.com","http://www.linkedin.com/company/dealfront","2011","41.2M",41200000,"Tier 1","true"
"Holidu","holidu.com",,"http://www.holidu.com","http://www.linkedin.com/company/holidu","2014","144.7M",144700000,"Tier 1","true"
"Econsultancy","econsultancy.com",,"http://www.econsultancy.com","http://www.linkedin.com/school/econsultancy","1999","9.5M",9500000,"Tier 1","false"
"Falcon.io","falcon.io",,"http://www.falcon.io","http://www.linkedin.com/company/falconio","2010","27.5M",27500000,"Tier 1","true"
"PrestaShop","prestashop.com",,"http://www.prestashop.com","http://www.linkedin.com/company/prestashop","2007","38.4M",38400000,"Tier 1","true"
"DataGuard","dataguard.com",,"http://www.dataguard.com","http://www.linkedin.com/company/dataguard1","2018","24M",24000000,"Tier 1","true"
"STARK","stark-defence.com",,"http://www.stark-defence.com","http://www.linkedin.com/company/stark-defence","2024","",,"Tier 1","true"
"Skaleet","skaleet.com",,"http://www.skaleet.com","http://www.linkedin.com/company/skaleet","2015","8M",8000000,"Tier 1","true"
"Shine France","shine.fr",,"http://www.shine.fr","http://www.linkedin.com/company/shine-france-tools","2017","11M",11000000,"Tier 1","false"
"Rise Up","riseup.ai",,"http://www.riseup.ai","http://www.linkedin.com/company/rise-up-ai-france","2014","10M",10000000,"Tier 1","true"
"BETC FULLSIX","betcfullsix.com",,"http://www.betcfullsix.com","http://www.linkedin.com/company/betc-fullsix","1998","55M",55000000,"Tier 1","false"
"Rydoo","rydoo.com",,"http://www.rydoo.com","http://www.linkedin.com/company/rydoo","2011","64M",64000000,"Tier 1","true"
"CleverConnect","cleverconnect.com",,"http://www.cleverconnect.com","http://www.linkedin.com/company/cleverconnect","2010","20.9M",20900000,"Tier 1","true"
"ABC Glofox","glofox.com",,"http://www.glofox.com","http://www.linkedin.com/company/abcglofox","2014","22M",22000000,"Tier 1","true"
"Mapp","mapp.com",,"http://www.mapp.com","http://www.linkedin.com/company/mapp-digital","2000","61.7M",61700000,"Tier 1","true"
"Cazoo","cazoo.co.uk",,"http://www.cazoo.co.uk","http://www.linkedin.com/company/cazoo","2018","1.3B",1336896000,"Tier 1","false"
"Virtuoso QA","virtuosoqa.com",,"http://www.virtuosoqa.com","http://www.linkedin.com/company/virtuoso-qa","2016","",,"Tier 1","true"
"CarTrawler","cartrawler.com",,"http://www.cartrawler.com","http://www.linkedin.com/company/cartrawler","2004","193M",193000000,"Tier 1","true"
"Eskimoz","eskimoz.fr",,"http://www.eskimoz.fr","http://www.linkedin.com/company/eskimoz","2015","41M",41000000,"Tier 1","true"
"Planday","planday.com",,"http://www.planday.com","http://www.linkedin.com/company/planday","2005","19M",19000000,"Tier 1","true"
"Genesis Global","genesis.global",,"http://www.genesis.global","http://www.linkedin.com/company/genesis-global-technology","2015","20M",20000000,"Tier 1","false"
"Streetbees","streetbees.com",,"http://www.streetbees.com","http://www.linkedin.com/company/streetbees","2015","23.6M",23600000,"Tier 1","true"
"cargo.one","cargo.one",,"http://www.cargo.one","http://www.linkedin.com/company/cargoone","2017","8.4M",8400000,"Tier 1","true"
"Itineris","itineris.net",,"http://www.itineris.net","http://www.linkedin.com/company/itineris","2003","71M",71000000,"Tier 1","true"
"Sesame HR","sesamehr.es",,"http://www.sesamehr.es","http://www.linkedin.com/company/sesamehr","2015","23M",23000000,"Tier 1","true"
"Upstream","upstreamsystems.com",,"http://www.upstreamsystems.com","http://www.linkedin.com/company/upstream","2001","89.4M",89400000,"Tier 1","false"
"Spryker","spryker.com",,"http://www.spryker.com","http://www.linkedin.com/company/spryker","2014","26.2M",26200000,"Tier 1","false"
"Strands","strands.com",,"http://www.strands.com","http://www.linkedin.com/company/strandslabs","2004","22.5M",22500000,"Tier 1","true"
"PLAYTOMIC","playtomic.com",,"http://www.playtomic.com","http://www.linkedin.com/company/playtomic","2017","233M",233000000,"Tier 1","true"
"Free2move","free2move.com",,"http://www.free2move.com","http://www.linkedin.com/company/free2move","2016","50M",50000000,"Tier 1","false"
"Formalize","formalize.com",,"http://www.formalize.com","http://www.linkedin.com/company/formalize-com",,"",,"Tier 1","true"
"Multiverse Computing","multiversecomputing.com",,"http://www.multiversecomputing.com","http://www.linkedin.com/company/multiversecomputing","2019","2M",2000000,"Tier 1","false"
"Sewan Groupe","sewan.fr",,"http://www.sewan.fr","http://www.linkedin.com/company/sewangroupe","2007","178.6M",178563000,"Tier 1","true"
"HealthHero","healthhero.com",,"http://www.healthhero.com","http://www.linkedin.com/company/healthhero","2004","158M",158000000,"Tier 1","false"
"Objectway","objectway.com",,"http://www.objectway.com","http://www.linkedin.com/company/objectway","1990","246M",246000000,"Tier 1","true"
"Everli","everli.com",,"http://www.everli.com","http://www.linkedin.com/company/everliofficial","2014","118M",118000000,"Tier 1","false"
"Tibber","tibber.com",,"http://www.tibber.com","http://www.linkedin.com/company/tibber","2016","141.5M",141500000,"Tier 1","false"
"Genially","genially.com",,"http://www.genially.com","http://www.linkedin.com/company/geniallyofficial","2015","26.9M",26900000,"Tier 1","true"
"Flashpoint","flashpointvc.com",,"http://www.flashpointvc.com","http://www.linkedin.com/company/flashpointinvestments","2012","",,"Tier 1","false"
"Partoo","partoo.co",,"http://www.partoo.co","http://www.linkedin.com/company/partoo","2014","37M",37000000,"Tier 1","true"
"Yousign","yousign.com",,"http://www.yousign.com","http://www.linkedin.com/company/yousign","2013","39.1M",39100000,"Tier 1","true"
"Stack Overflow","stackoverflow.co",,"http://www.stackoverflow.co","http://www.linkedin.com/company/stack-overflow","2008","175.6M",175600000,"Tier 1","true"
"HackerRank","hackerrank.com",,"http://www.hackerrank.com","http://www.linkedin.com/company/hackerrank","2012","221M",221000000,"Tier 1","true"
"Perplexity","perplexity.ai",,"http://www.perplexity.ai","http://www.linkedin.com/company/perplexity-ai","2022","150M",150000000,"Tier 1","true"
"Docker, Inc","docker.com",,"http://www.docker.com","http://www.linkedin.com/company/docker","2013","207M",207000000,"Tier 1","true"
"LeetCode","leetcode.com",,"http://www.leetcode.com","http://www.linkedin.com/company/leet-code","2011","8M",8000000,"Tier 1","true"
"The Linux Foundation","linuxfoundation.org",,"http://www.linuxfoundation.org","http://www.linkedin.com/company/the-linux-foundation","2007","311.3M",311343000,"Tier 1","false"
"Mondo","mondo.com",,"http://www.mondo.com","http://www.linkedin.com/company/mondo","2000","186.4M",186400000,"Tier 1","false"
"Strava","strava.com",,"http://www.strava.com","http://www.linkedin.com/company/strava-inc.","2009","500M",500000000,"Tier 1","true"
"Cohere","cohere.com",,"http://www.cohere.com","http://www.linkedin.com/company/cohere-ai","2019","150M",150000000,"Tier 1","true"
"Flutter Community","flutter.dev",,"http://www.flutter.dev","http://www.linkedin.com/company/flutter-app-development","2017","348.2B",348159000000,"Tier 1","false"
"Keeper Security, Inc.","keepersecurity.com",,"http://www.keepersecurity.com","http://www.linkedin.com/company/keeper-security-inc-","2011","90.6M",90600000,"Tier 1","true"
"Runway","runwayml.com",,"http://www.runwayml.com","http://www.linkedin.com/company/runwayml","2018","121.6M",121600000,"Tier 1","true"
"DuckDuckGo","duckduckgo.com",,"http://www.duckduckgo.com","http://www.linkedin.com/company/duck-duck-go","2008","100M",100000000,"Tier 1","false"
"Illumio","illumio.com",,"http://www.illumio.com","http://www.linkedin.com/company/illumio","2013","61.0M",60989000,"Tier 1","true"
"Atlan","atlan.com",,"http://www.atlan.com","http://www.linkedin.com/company/atlan-hq","2019","7.5M",7500000,"Tier 1","true"
"Eightfold AI","eightfold.ai",,"http://www.eightfold.ai","http://www.linkedin.com/company/eightfoldai","2016","405.6M",405600000,"Tier 1","true"
"Consensys","consensys.io",,"http://www.consensys.io","http://www.linkedin.com/company/consensys-software-inc","2014","250M",250000000,"Tier 1","true"
"DataRobot","datarobot.com",,"http://www.datarobot.com","http://www.linkedin.com/company/datarobot","2012","285M",285000000,"Tier 1","true"
"Oyster®","oysterhr.com",,"http://www.oysterhr.com","http://www.linkedin.com/company/oysterhr","2020","96.6M",96600000,"Tier 1","true"
"Thinking Machines Lab","thinkingmachines.ai",,"http://www.thinkingmachines.ai","http://www.linkedin.com/company/thinkingmachinesai",,"",,"Tier 1","true"
"Oculus VR","oculus.com",,"http://www.oculus.com","http://www.linkedin.com/company/oculus-vr","2012","2.2B",2150000000,"Tier 1","false"
"Seclore","seclore.com",,"http://www.seclore.com","http://www.linkedin.com/company/seclore","2010","59.5M",59500000,"Tier 1","true"
"Gruve","gruve.ai",,"http://www.gruve.ai","http://www.linkedin.com/company/gruveai","2024","24.4M",24400000,"Tier 1","false"
"H2O.ai","h2o.ai",,"http://www.h2o.ai","http://www.linkedin.com/company/h2oai","2012","75M",75000000,"Tier 1","true"
"ClickHouse","clickhouse.com",,"http://www.clickhouse.com","http://www.linkedin.com/company/clickhouseinc","2021","96M",96000000,"Tier 1","true"
"Dataminr","dataminr.com",,"http://www.dataminr.com","http://www.linkedin.com/company/dataminr","2009","200M",200000000,"Tier 1","true"
"Eagle Eye Networks","een.com",,"http://www.een.com","http://www.linkedin.com/company/eagleeyenetworks","2012","112.6M",112588000,"Tier 1","true"
"BlueVoyant","bluevoyant.com",,"http://www.bluevoyant.com","http://www.linkedin.com/company/bluevoyant","2017","213.5M",213500000,"Tier 1","true"
"Stability AI","stability.ai",,"http://www.stability.ai","http://www.linkedin.com/company/stability-ai","2019","50M",50000000,"Tier 1","true"
"Superside","superside.com",,"http://www.superside.com","http://www.linkedin.com/company/superside","2015","44.9M",44900000,"Tier 1","false"
"Weights & Biases","wandb.ai",,"http://www.wandb.ai","http://www.linkedin.com/company/wandb","2017","13.6M",13600000,"Tier 1","true"
"SambaNova","sambanova.ai",,"http://www.sambanova.ai","http://www.linkedin.com/company/sambanova","2017","100M",100000000,"Tier 1","true"
"Kickstarter","kickstarter.com",,"http://www.kickstarter.com","http://www.linkedin.com/company/kickstarter","2009","300M",300000000,"Tier 1","false"
"Napster Corp.","napster.ai",,"http://www.napster.ai","http://www.linkedin.com/company/napstercorp","2019","113.0M",112999000,"Tier 1","true"
"High5","high5hire.com",,"http://www.high5hire.com","http://www.linkedin.com/company/high5hire","2021","12M",12000000,"Tier 1","false"
"Avalanche","avax.network",,"http://www.avax.network","http://www.linkedin.com/company/avalancheavax","2018","9M",9000000,"Tier 1","false"
"Drata","drata.com",,"http://www.drata.com","http://www.linkedin.com/company/drata","2020","100M",100000000,"Tier 1","true"
"Cyble","cyble.com",,"http://www.cyble.com","http://www.linkedin.com/company/cyble-global","2019","6.6M",6600000,"Tier 1","true"
"AdvantageClub.ai","advantageclub.ai",,"http://www.advantageclub.ai","http://www.linkedin.com/company/advantageclub","2016","38M",38000000,"Tier 1","true"
"Conviva","conviva.com",,"http://www.conviva.com","http://www.linkedin.com/company/conviva","2006","59.3M",59300000,"Tier 1","true"
"Level AI","thelevel.ai",,"http://www.thelevel.ai","http://www.linkedin.com/company/level-ai","2018","23.4M",23400000,"Tier 1","true"
"Cybereason, A LevelBlue Company","cybereason.com",,"http://www.cybereason.com","http://www.linkedin.com/company/cybereason","2012","62.8M",62800000,"Tier 1","false"
"Slideshare","slideshare.net",,"http://www.slideshare.net","http://www.linkedin.com/company/slideshare","2006","25M",25000000,"Tier 1","false"
"Versa Networks","versa-networks.com",,"http://www.versa-networks.com","http://www.linkedin.com/company/versa-networks","2012","90M",90000000,"Tier 1","true"
"Fandango","fandango.com",,"http://www.fandango.com","http://www.linkedin.com/company/fandango","2000","83.6M",83600000,"Tier 1","false"
"Magic","getmagic.com",,"http://www.getmagic.com","http://www.linkedin.com/company/get-magic","2014","128.6M",128600000,"Tier 1","false"
"TechCrunch","techcrunch.com",,"http://www.techcrunch.com","http://www.linkedin.com/company/techcrunch","2005","525M",525000000,"Tier 1","false"
"Coursera Course Certificates","",,"","http://www.linkedin.com/company/coursera-verified","2012","",,"Tier 1",
"Russell Tobin","russelltobin.com",,"http://www.russelltobin.com","http://www.linkedin.com/company/russell-tobin-&-associates-llc","2010","6.2M",6200000,"Tier 1","false"
"BrightEdge","brightedge.com",,"http://www.brightedge.com","http://www.linkedin.com/company/brightedge","2007","120M",120000000,"Tier 1","true"
"IgniteTech","ignitetech.com",,"http://www.ignitetech.com","http://www.linkedin.com/company/ignite-tech","2000","50M",50000000,"Tier 1","true"
"Varsity Tutors, a Nerdy Company","varsitytutors.com",,"http://www.varsitytutors.com","http://www.linkedin.com/company/varsity-tutors","2007","190.2M",190231000,"Tier 1","false"
"Corporate Finance Institute® (CFI)","corporatefinanceinstitute.com",,"http://www.corporatefinanceinstitute.com","http://www.linkedin.com/school/corporate-finance-institute-cfi","2016","79.4M",79400000,"Tier 1","true"
"Discord","discord.com",,"http://www.discord.com","http://www.linkedin.com/company/discord","2015","1.1B",1100000000,"Tier 1","true"
"A Cloud Guru | A Pluralsight Company","",,"","http://www.linkedin.com/company/a-cloud-guru","2015","",,"Tier 1",
"Glossier, Inc.","glossier.com",,"http://www.glossier.com","http://www.linkedin.com/company/glossier","2014","75M",75000000,"Tier 1","false"
"AngelList","angellist.com",,"http://www.angellist.com","http://www.linkedin.com/company/angellist","2010","80.3M",80300000,"Tier 1","true"
"Lightspeed","lsvp.com",,"http://www.lsvp.com","http://www.linkedin.com/company/lightspeed-venture-partners","2000","63.1M",63100000,"Tier 1","false"
"Blueground","theblueground.com",,"http://www.theblueground.com","http://www.linkedin.com/company/blueground-co","2013","560M",560000000,"Tier 1","false"
"Phaxis","phaxis.com",,"http://www.phaxis.com","http://www.linkedin.com/company/phaxis-consulting","2002","27.7M",27700000,"Tier 1","false"
"Turnitin","turnitin.com",,"http://www.turnitin.com","http://www.linkedin.com/company/turnitin","1996","105.1M",105100000,"Tier 1","true"
"Raise","raise.com",,"http://www.raise.com","http://www.linkedin.com/company/raiserecruiting","2013","39M",39000000,"Tier 1","false"
"Adobe Commerce","",,"","http://www.linkedin.com/company/adobe-commerce","2008","",,"Tier 1",
"Gate","gate.com",,"http://www.gate.com","http://www.linkedin.com/company/gateio","2013","8M",8000000,"Tier 1","false"
"Codecademy","codecademy.com",,"http://www.codecademy.com","http://www.linkedin.com/school/codecademy","2011","99.2M",99200000,"Tier 1","true"
"Platzi","platzi.com",,"http://www.platzi.com","http://www.linkedin.com/school/platzi-inc","2012","15M",15000000,"Tier 1","true"
"Eventbrite","eventbrite.com",,"http://www.eventbrite.com","http://www.linkedin.com/company/eventbrite","2006","294.8M",294798000,"Tier 1","false"
"Betterfly","betterfly.com",,"http://www.betterfly.com","http://www.linkedin.com/company/gobetterfly","2018","72M",72000000,"Tier 1","true"
"Alibaba Cloud Global","",,"","http://www.linkedin.com/company/alibabacloudglobal",,"",,"Tier 1",
"ButterflyMX","butterflymx.com",,"http://www.butterflymx.com","http://www.linkedin.com/company/butterflymx","2014","65.6M",65600000,"Tier 1","true"
"Together AI","together.ai",,"http://www.together.ai","http://www.linkedin.com/company/togethercomputer","2022","100M",100000000,"Tier 1","true"
"Sandvine (Now AppLogic Networks)","",,"","http://www.linkedin.com/company/sandvine","2001","189M",189000000,"Tier 1",
"Cursor","cursor.com",,"http://www.cursor.com","http://www.linkedin.com/company/cursorai","2017","1B",1000000000,"Tier 1","true"
"data.ai (by Sensor Tower)","data.ai",,"http://www.data.ai","http://www.linkedin.com/company/dataai","2010","49.5M",49500000,"Tier 1","true"
"ValGenesis","valgenesis.com",,"http://www.valgenesis.com","http://www.linkedin.com/company/valgenesis-inc","2005","8.3M",8300000,"Tier 1","true"
"Vercel","vercel.com",,"http://www.vercel.com","http://www.linkedin.com/company/vercel","2015","200M",200000000,"Tier 1","true"
"Wish","wish.com",,"http://www.wish.com","http://www.linkedin.com/company/wishshopping","2010","227M",227000000,"Tier 1","false"
"Nextdoor","nextdoor.com",,"http://www.nextdoor.com","http://www.linkedin.com/company/nextdoor-com","2011","257.6M",257646000,"Tier 1","false"
"beehiiv","",,"","http://www.linkedin.com/company/beehiiv","2021","3M",3000000,"Tier 1",
"Interview Kickstart","interviewkickstart.com",,"http://www.interviewkickstart.com","http://www.linkedin.com/school/interview-kickstart","2014","104.2M",104200000,"Tier 1","true"
"ProArch","proarch.com",,"http://www.proarch.com","http://www.linkedin.com/company/proarch-it-solutions-pvt-ltd","2006","42.4M",42400000,"Tier 1","false"
"TriNet Zenefits","",,"","http://www.linkedin.com/company/zenefits","2013","",,"Tier 1",
"Groq","groq.com",,"http://www.groq.com","http://www.linkedin.com/company/groq","2016","90M",90000000,"Tier 1","true"
"Skydance","",,"","http://www.linkedin.com/company/skydancemedia","2010","",,"Tier 1",
"Pivotal Software, Inc.","",,"","http://www.linkedin.com/company/pivotal-software-inc.","2013","",,"Tier 1",
"Bright Money","brightmoney.co",,"http://www.brightmoney.co","http://www.linkedin.com/company/bright-money","2019","101.9M",101900000,"Tier 1","true"
"Bolt","bolt.com",,"http://www.bolt.com","http://www.linkedin.com/company/bolt-com","2014","28M",28000000,"Tier 1","true"
"Education","education.com",,"http://www.education.com","http://www.linkedin.com/company/education12a987b","2021","11.3M",11300000,"Tier 1","true"
"MasterClass","masterclass.com",,"http://www.masterclass.com","http://www.linkedin.com/company/masterclassinc","2015","247M",247000000,"Tier 1","true"
"Cybrary","cybrary.it",,"http://www.cybrary.it","http://www.linkedin.com/company/cybrary","2015","26M",26000000,"Tier 1","true"
"Preply","preply.com",,"http://www.preply.com","http://www.linkedin.com/company/preply","2012","485.5M",485500000,"Tier 1","true"
"Mellanox Technologies","",,"","http://www.linkedin.com/company/mellanox-technologies","1999","",,"Tier 1",
"Rocket Lawyer","rocketlawyer.com",,"http://www.rocketlawyer.com","http://www.linkedin.com/company/rocket-lawyer-inc","2008","73.8M",73800000,"Tier 1","true"
"Intelerad","intelerad.com",,"http://www.intelerad.com","http://www.linkedin.com/company/intelerad","1999","93.4M",93400000,"Tier 1","true"
"Replit","replit.com",,"http://www.replit.com","http://www.linkedin.com/company/repl-it","2016","240M",240000000,"Tier 1","true"
"Norwin Technologies","norwintechnologies.com",,"http://www.norwintechnologies.com","http://www.linkedin.com/company/norwin-technologies","2003","101.7M",101700000,"Tier 1","false"
"Cockroach Labs","cockroachlabs.com",,"http://www.cockroachlabs.com","http://www.linkedin.com/company/cockroach-labs","2015","30.8M",30800000,"Tier 1","true"
"Pico","pico.net",,"http://www.pico.net","http://www.linkedin.com/company/picotrading","2009","78.2M",78200000,"Tier 1","false"
"TierPoint","tierpoint.com",,"http://www.tierpoint.com","http://www.linkedin.com/company/tierpoint","2010","99.6M",99600000,"Tier 1","false"
"Tarana Wireless","taranawireless.com",,"http://www.taranawireless.com","http://www.linkedin.com/company/tarana-wireless-inc","2009","221M",221000000,"Tier 1","true"
"Zzazz","zzazz.com",,"http://www.zzazz.com","http://www.linkedin.com/company/zzazz",,"22.4M",22400000,"Tier 1","true"
"Optibus","optibus.com",,"http://www.optibus.com","http://www.linkedin.com/company/optibus","2014","59.6M",59600000,"Tier 1","true"
"Spiceworks","spiceworks.com",,"http://www.spiceworks.com","http://www.linkedin.com/company/spiceworks","2006","80M",80000000,"Tier 1","true"
"Elucidata","elucidata.io",,"http://www.elucidata.io","http://www.linkedin.com/company/elucidata-corporation","2015","22.2M",22200000,"Tier 1","true"
"Anaconda, Inc.","anaconda.com",,"http://www.anaconda.com","http://www.linkedin.com/company/anacondainc","2012","150M",150000000,"Tier 1","true"
"Educative","educative.io",,"http://www.educative.io","http://www.linkedin.com/company/educative-inc","2015","98.1M",98100000,"Tier 1","true"
"Looker","looker.com",,"http://www.looker.com","http://www.linkedin.com/company/looker","2012","240M",240000000,"Tier 1","true"
"Supabase","supabase.com",,"http://www.supabase.com","http://www.linkedin.com/company/supabase","2020","70M",70000000,"Tier 1","true"
"Duo Security","duo.com",,"http://www.duo.com","http://www.linkedin.com/company/duosec","2010","217.9M",217900000,"Tier 1","true"
"Veracode","veracode.com",,"http://www.veracode.com","http://www.linkedin.com/company/veracode","2006","47M",47000000,"Tier 1","true"
"Nintex Automation K2","",,"","http://www.linkedin.com/company/k2","2000","",,"Tier 1",
"DataStax","datastax.com",,"http://www.datastax.com","http://www.linkedin.com/company/datastax","2010","246.9M",246900000,"Tier 1","true"
"Pocket Gems","pocketgems.com",,"http://www.pocketgems.com","http://www.linkedin.com/company/pocket-gems","2009","28.9M",28900000,"Tier 1","false"
"Fuze: An 8x8 Company","",,"","http://www.linkedin.com/company/fuze-inc","2006","",,"Tier 1",
"TechSoup","techsoup.org",,"http://www.techsoup.org","http://www.linkedin.com/company/techsoup","1987","44.3M",44250000,"Tier 1","false"
"IBM Turbonomic","",,"","http://www.linkedin.com/company/turbonomic","2010","",,"Tier 1",
"Branch International","branch.co",,"http://www.branch.co","http://www.linkedin.com/company/branch-co","2015","104M",104000000,"Tier 1","false"
"Flutterwave","flutterwave.com",,"http://www.flutterwave.com","http://www.linkedin.com/company/flutterwave","2016","100M",100000000,"Tier 1","false"
"EarnIn","earnin.com",,"http://www.earnin.com","http://www.linkedin.com/company/earnin","2012","93.6M",93600000,"Tier 1","false"
"ACAMS","acams.org",,"http://www.acams.org","http://www.linkedin.com/company/acams","2001","102.1M",102100000,"Tier 1","false"
"Endeavor","endeavor.org",,"http://www.endeavor.org","http://www.linkedin.com/company/endeavorglobal","1997","100M",100000000,"Tier 1","false"
"ARK Investment Management LLC","ark-invest.com",,"http://www.ark-invest.com","http://www.linkedin.com/company/ark-investment-management","2014","25M",25000000,"Tier 1","false"
"Synctera","synctera.com",,"http://www.synctera.com","http://www.linkedin.com/company/synctera","2020","23.5M",23500000,"Tier 1","true"
"General Atlantic","generalatlantic.com",,"http://www.generalatlantic.com","http://www.linkedin.com/company/general-atlantic","1980","1.2B",1230000000,"Tier 1","false"
"Neo Financial","neofinancial.com",,"http://www.neofinancial.com","http://www.linkedin.com/company/neo-financial","2019","115M",115000000,"Tier 1","false"
"Accion","accion.org",,"http://www.accion.org","http://www.linkedin.com/company/accion","1961","31.6M",31559000,"Tier 1","false"
"Cedar","cedar.com",,"http://www.cedar.com","http://www.linkedin.com/company/cedar-inc.","2016","70M",70000000,"Tier 1","true"
"Stash","stash.com",,"http://www.stash.com","http://www.linkedin.com/company/stashfinancial","2015","125M",125000000,"Tier 1","true"
"MoneyLion","moneylion.com",,"http://www.moneylion.com","http://www.linkedin.com/company/moneylion","2013","545.9M",545905000,"Tier 1","false"
"Zest AI","zest.ai",,"http://www.zest.ai","http://www.linkedin.com/company/zest-ai","2009","30M",30000000,"Tier 1","true"
"Varo Bank","varomoney.com",,"http://www.varomoney.com","http://www.linkedin.com/company/varobank","2015","167.6M",167600000,"Tier 1","false"
"KOHO","koho.ca",,"http://www.koho.ca","http://www.linkedin.com/company/koho","2014","108M",108000000,"Tier 1","true"
"OnePay","onepay.com",,"http://www.onepay.com","http://www.linkedin.com/company/joinonepay","2022","200M",200000000,"Tier 1","false"
"IDB Invest","idbinvest.org",,"http://www.idbinvest.org","http://www.linkedin.com/company/idbinvest","1986","673.9M",673858000,"Tier 1","false"
"interface.ai","interface.ai",,"http://www.interface.ai","http://www.linkedin.com/company/interface-ai","2019","20M",20000000,"Tier 1","true"
"Truora Inc.","truora.com",,"http://www.truora.com","http://www.linkedin.com/company/truora","2018","16M",16000000,"Tier 1","true"
"NALA","nala.com",,"http://www.nala.com","http://www.linkedin.com/company/nalamoney","2022","24M",24000000,"Tier 1","false"
"Super.com","super.com",,"http://www.super.com","http://www.linkedin.com/company/superdotcom","2016","200M",200000000,"Tier 1","false"
"Chipper Cash","chippercash.com",,"http://www.chippercash.com","http://www.linkedin.com/company/chippercash","2018","12M",12000000,"Tier 1","false"
"Drip Capital","dripcapital.com",,"http://www.dripcapital.com","http://www.linkedin.com/company/dripcapital","2016","15.1M",15100000,"Tier 1","false"
"Grasshopper Bank","grasshopper.bank",,"http://www.grasshopper.bank","http://www.linkedin.com/company/grasshopperbank","2019","32.1M",32100000,"Tier 1","false"
"Float","floatfinancial.com",,"http://www.floatfinancial.com","http://www.linkedin.com/company/floatfinancial","2019","",,"Tier 1","true"
"Railsr","railsr.com",,"http://www.railsr.com","http://www.linkedin.com/company/railsrglobal","2016","40M",40000000,"Tier 1","true"
"Palmetto","palmetto.com",,"http://www.palmetto.com","http://www.linkedin.com/company/palmetto","2010","390.1M",390100000,"Tier 1","true"
"RepeatMD","repeatmd.com",,"http://www.repeatmd.com","http://www.linkedin.com/company/repeatmd","2021","13.1M",13100000,"Tier 1","true"
"Tala","tala.co",,"http://www.tala.co","http://www.linkedin.com/company/talamobile","2011","300M",300000000,"Tier 1","false"
"Alpaca","alpaca.markets",,"http://www.alpaca.markets","http://www.linkedin.com/company/alpacamarkets","2017","100M",100000000,"Tier 1","true"
"TRM Labs","trmlabs.com",,"http://www.trmlabs.com","http://www.linkedin.com/company/trmlabs","2018","11.3M",11300000,"Tier 1","true"
"Motive Partners","motivepartners.com",,"http://www.motivepartners.com","http://www.linkedin.com/company/motive-partners","2016","50M",50000000,"Tier 1","false"
"POSSIBLE","possiblefinance.com",,"http://www.possiblefinance.com","http://www.linkedin.com/company/possible-com","2011","3.4M",3400000,"Tier 1","false"
"Current","current.com",,"http://www.current.com","http://www.linkedin.com/company/current","2015","19M",19000000,"Tier 1","false"
"Mission Lane","missionlane.com",,"http://www.missionlane.com","http://www.linkedin.com/company/missionlane","2018","79.2M",79200000,"Tier 1","false"
"Bluevine","bluevine.com",,"http://www.bluevine.com","http://www.linkedin.com/company/bluevine","2013","100M",100000000,"Tier 1","false"
"Financeit","financeit.io",,"http://www.financeit.io","http://www.linkedin.com/company/financeit","2011","91.9M",91900000,"Tier 1","false"
"SEON","seon.io",,"http://www.seon.io","http://www.linkedin.com/company/seon-tech","2017","34.8M",34800000,"Tier 1","true"
"Cross River","crossriver.com",,"http://www.crossriver.com","http://www.linkedin.com/company/cross-river-bank","2008","675M",675040000,"Tier 1","true"
"Thrive Capital","thrivecap.com",,"http://www.thrivecap.com","http://www.linkedin.com/company/thrive-capital","2009","25M",25000000,"Tier 1","false"
"Stellar Development Foundation","stellar.org",,"http://www.stellar.org","http://www.linkedin.com/company/stellar-development-foundation","2014","7.5M",7530000,"Tier 1","false"
"Headline","headline.com",,"http://www.headline.com","http://www.linkedin.com/company/headlinevc","1998","",,"Tier 1","true"
"FalconX","falconx.io",,"http://www.falconx.io","http://www.linkedin.com/company/thefalconx","2018","75M",75000000,"Tier 1","false"
"Upside","upside.com",,"http://www.upside.com","http://www.linkedin.com/company/upside","2016","44.2M",44200000,"Tier 1","true"
"PayNearMe","paynearme.com",,"http://www.paynearme.com","http://www.linkedin.com/company/paynearme","2009","30M",30000000,"Tier 1","false"
"Borrowell","borrowell.com",,"http://www.borrowell.com","http://www.linkedin.com/company/borrowell","2014","20M",20000000,"Tier 1","true"
"Farmer's Business Network, Inc.","fbn.com",,"http://www.fbn.com","http://www.linkedin.com/company/farmers-business-network","2014","400M",400000000,"Tier 1","false"
"Mashable","mashable.com",,"http://www.mashable.com","http://www.linkedin.com/company/mashable","2005","107.3M",107300000,"Tier 1","false"
"AT&T Cybersecurity","",,"","http://www.linkedin.com/company/attcybersecurity",,"",,"Tier 1",
"Coalition, Inc.","coalitioninc.com",,"http://www.coalitioninc.com","http://www.linkedin.com/company/coalitioninc","2017","324.5M",324500000,"Tier 1","true"
"mthree","mthree.com",,"http://www.mthree.com","http://www.linkedin.com/company/mthree","2010","12.2M",12222000,"Tier 1","false"
"Bitsight","bitsight.com",,"http://www.bitsight.com","http://www.linkedin.com/company/bitsight","2011","200M",200000000,"Tier 1","true"
"Nozomi Networks","nozominetworks.com",,"http://www.nozominetworks.com","http://www.linkedin.com/company/nozomi-networks-sa","2013","74.7M",74695000,"Tier 1","true"
"PortSwigger","portswigger.net",,"http://www.portswigger.net","http://www.linkedin.com/company/portswigger","2008","48M",48000000,"Tier 1","true"
"Claroty","claroty.com",,"http://www.claroty.com","http://www.linkedin.com/company/claroty","2015","144M",144000000,"Tier 1","true"
"Trustwave, A LevelBlue Company","",,"","http://www.linkedin.com/company/trustwave","1995","1B",1000000000,"Tier 1",
"SQUAD - Cabinet de conseils et d’expertises","squadgroup.com",,"http://www.squadgroup.com","http://www.linkedin.com/company/squad-conseil","2011","143M",143000000,"Tier 1","false"
"Pentera","pentera.io",,"http://www.pentera.io","http://www.linkedin.com/company/penterasecurity","2015","100M",100000000,"Tier 1","true"
"I-TRACING","i-tracing.com",,"http://www.i-tracing.com","http://www.linkedin.com/company/i-tracing","2005","258M",258000000,"Tier 1","false"
"Immersive","immersivelabs.com",,"http://www.immersivelabs.com","http://www.linkedin.com/company/immersive-labs-limited","2017","80M",80000000,"Tier 1","true"
"IronCircle","ironcircle.com",,"http://www.ironcircle.com","http://www.linkedin.com/company/ironcirclecyber","2025","50M",50000000,"Tier 1","true"
"Cyberbit","cyberbit.com",,"http://www.cyberbit.com","http://www.linkedin.com/company/cyberbit","2015","112.5M",112500000,"Tier 1","true"
"Schwarz Gruppe","gruppe.schwarz",,"http://www.gruppe.schwarz","http://www.linkedin.com/company/schwarzgruppe","1930","180.3B",180291760000,"Tier 1","false"
"Magnet Forensics","magnetforensics.com",,"http://www.magnetforensics.com","http://www.linkedin.com/company/magnet-forensics","2009","98.9M",98934000,"Tier 1","true"
"FutureLearn","futurelearn.com",,"http://www.futurelearn.com","http://www.linkedin.com/company/futurelearn","2012","16M",16000000,"Tier 1","true"
"A-LIGN","a-lign.com",,"http://www.a-lign.com","http://www.linkedin.com/company/a-lign","2009","92.2M",92200000,"Tier 1","false"
"BLACKCLOAK","blackcloak.io",,"http://www.blackcloak.io","http://www.linkedin.com/company/blackcloak","2018","12.5M",12500000,"Tier 1","true"
"Orca Security","orca.security",,"http://www.orca.security","http://www.linkedin.com/company/orca-security","2019","64.2M",64200000,"Tier 1","true"
"Action1","action1.com",,"http://www.action1.com","http://www.linkedin.com/company/action1corp","2018","15M",15000000,"Tier 1","true"
"NIKSUN","niksun.com",,"http://www.niksun.com","http://www.linkedin.com/company/niksun","1997","89.8M",89800000,"Tier 1","false"
"ThreatLocker","threatlocker.com",,"http://www.threatlocker.com","http://www.linkedin.com/company/threatlockerinc","2017","100M",100000000,"Tier 1","true"
"YL Ventures","ylventures.com",,"http://www.ylventures.com","http://www.linkedin.com/company/yl-ventures","2007","14.2M",14167000,"Tier 1","false"
"Malwarebytes","malwarebytes.com",,"http://www.malwarebytes.com","http://www.linkedin.com/company/malwarebytes","2008","6M",6000000,"Tier 1","true"
"Venafi, a CyberArk Company","",,"","http://www.linkedin.com/company/venafi","2004","",,"Tier 1",
"Fullstack Academy","fullstackacademy.com",,"http://www.fullstackacademy.com","http://www.linkedin.com/school/fullstack-academy","2012","30M",30000000,"Tier 1","false"
"Securonix","securonix.com",,"http://www.securonix.com","http://www.linkedin.com/company/securonix","2008","105M",105000000,"Tier 1","true"
"Armis","armis.com",,"http://www.armis.com","http://www.linkedin.com/company/armis-security","2015","300M",300000000,"Tier 1","true"
"Helsing","helsing.ai",,"http://www.helsing.ai","http://www.linkedin.com/company/helsing","2021","157.6M",157600000,"Tier 1","false"
"Red Canary, a Zscaler company","redcanary.com",,"http://www.redcanary.com","http://www.linkedin.com/company/redcanary","2013","140M",140000000,"Tier 1","true"
"Cyware","cyware.com",,"http://www.cyware.com","http://www.linkedin.com/company/cyware","2016","21M",21000000,"Tier 1","true"
"RANE","ranenetwork.com",,"http://www.ranenetwork.com","http://www.linkedin.com/company/rane","2013","29.8M",29800000,"Tier 1","true"
"Fidelis Security","fidelissecurity.com",,"http://www.fidelissecurity.com","http://www.linkedin.com/company/fidelissecurityllc","2023","44.5M",44500000,"Tier 1","true"
"Ledger","ledger.com",,"http://www.ledger.com","http://www.linkedin.com/company/ledgerhq","2014","70.9M",70900000,"Tier 1","false"
"YesWeHack","yeswehack.com",,"http://www.yeswehack.com","http://www.linkedin.com/company/yes-we-hack","2015","3.5M",3500000,"Tier 1","true"
"Simplon.co","simplon.co",,"http://www.simplon.co","http://www.linkedin.com/company/simplon-co","2013","35M",35000000,"Tier 1","false"
"Hugging Face","huggingface.co",,"http://www.huggingface.co","http://www.linkedin.com/company/huggingface","2016","130.1M",130100000,"Tier 1","true"
"Mila - Quebec Artificial Intelligence Institute","mila.quebec",,"http://www.mila.quebec","http://www.linkedin.com/school/mila-quebec","1993","42M",42000000,"Tier 1","false"
"Fast Company","fastcompany.com",,"http://www.fastcompany.com","http://www.linkedin.com/company/fast-company","1995","61.0M",60976000,"Tier 1","false"
"AI Central | ChatGPT & Generative AI Tutorials, Prompts & Use Cases for Gemini, DeepSeek, Claude","beehiiv.com",,"http://www.beehiiv.com","http://www.linkedin.com/company/chat-gpt-central","2023","30M",30000000,"Tier 1","true"
"Quora","quora.com",,"http://www.quora.com","http://www.linkedin.com/company/quora","2009","276.8M",276800000,"Tier 1","false"
"Neuralink","neuralink.com",,"http://www.neuralink.com","http://www.linkedin.com/company/neuralink","2016","20M",20000000,"Tier 1","false"
"Singularity University","su.org",,"http://www.su.org","http://www.linkedin.com/company/singularity-university","2008","24M",24000000,"Tier 1","false"
"AQR Capital Management","aqr.com",,"http://www.aqr.com","http://www.linkedin.com/company/aqr-capital-management","1998","500M",500000000,"Tier 1","false"
"Olive","oliveai.com",,"http://www.oliveai.com","http://www.linkedin.com/company/oliveai","2012","120M",120000000,"Tier 1","true"
"TRACTIAN","",,"","http://www.linkedin.com/company/get-tractian","2019","109.1M",109100000,"Tier 1",
"Moloco","moloco.com",,"http://www.moloco.com","http://www.linkedin.com/company/moloco","2013","92.4M",92400000,"Tier 1","true"
"Netradyne","netradyne.com",,"http://www.netradyne.com","http://www.linkedin.com/company/netradyne","2015","35M",35000000,"Tier 1","true"
"Dremio","dremio.com",,"http://www.dremio.com","http://www.linkedin.com/company/dremio","2015","41.5M",41500000,"Tier 1","true"
"Epirus","epirusinc.com",,"http://www.epirusinc.com","http://www.linkedin.com/company/epirus","2018","80.5M",80500000,"Tier 1","false"
"Genesis Molecular AI","genesis.ml",,"http://www.genesis.ml","http://www.linkedin.com/company/genesis-molecular-ai",,"16.1M",16100000,"Tier 1","false"
"Aidoc","aidoc.com",,"http://www.aidoc.com","http://www.linkedin.com/company/aidoc","2016","95M",95000000,"Tier 1","true"
"Axiom Space","axiomspace.com",,"http://www.axiomspace.com","http://www.linkedin.com/company/axiom-space","2016","326.5M",326500000,"Tier 1","false"
"Immunai","immunai.com",,"http://www.immunai.com","http://www.linkedin.com/company/immunai","2019","38M",38000000,"Tier 1","false"
"OWKIN","owkin.com",,"http://www.owkin.com","http://www.linkedin.com/company/owkin","2016","125.4M",125400000,"Tier 1","true"
"Goodreads","goodreads.com",,"http://www.goodreads.com","http://www.linkedin.com/company/goodreads-com","2007","19.5M",19500000,"Tier 1","false"
"Onit","",,"","http://www.linkedin.com/company/onit","2011","82.6M",82636000,"Tier 1",
"Polestar Analytics","polestaranalytics.com",,"http://www.polestaranalytics.com","http://www.linkedin.com/company/polestar-analytics","2012","75.6M",75600000,"Tier 1","false"
"Qure.ai","qure.ai",,"http://www.qure.ai","http://www.linkedin.com/company/qure.ai","2016","21M",21000000,"Tier 1","false"
"Fictiv","fictiv.com",,"http://www.fictiv.com","http://www.linkedin.com/company/fictiv","2013","67.6M",67600000,"Tier 1","true"
"Revolution Analytics","",,"","http://www.linkedin.com/company/revolution_analytics","1977","10M",10000000,"Tier 1",
"Flagship Pioneering","flagshippioneering.com",,"http://www.flagshippioneering.com","http://www.linkedin.com/company/flagship-pioneering","2000","75M",75000000,"Tier 1","false"
"Deepgram","deepgram.com",,"http://www.deepgram.com","http://www.linkedin.com/company/deepgram","2015","24.2M",24200000,"Tier 1","true"
"Seedtag","seedtag.com",,"http://www.seedtag.com","http://www.linkedin.com/company/seedtag","2014","83.8M",83800000,"Tier 1","true"
"Sword Health","swordhealth.com",,"http://www.swordhealth.com","http://www.linkedin.com/company/swordhealth","2015","235M",235000000,"Tier 1","true"
"Prophecy","prophecy.ai",,"http://www.prophecy.ai","http://www.linkedin.com/company/prophecy-ai","2017","10.6M",10600000,"Tier 1","true"
"Blend","blend360.com",,"http://www.blend360.com","http://www.linkedin.com/company/blend360","2016","177.8M",177800000,"Tier 1","false"
"United Imaging - North America","",,"","http://www.linkedin.com/company/united-imaging-healthcare-north-america","2011","",,"Tier 1",
"LILT AI","lilt.com",,"http://www.lilt.com","http://www.linkedin.com/company/lilthq","2015","30.3M",30300000,"Tier 1","true"
"Versatile","versatile.ai",,"http://www.versatile.ai","http://www.linkedin.com/company/versatileai","2016","29.3M",29300000,"Tier 1","true"
"Pepper","pepper.inc",,"http://www.pepper.inc","http://www.linkedin.com/company/pepperinc","2017","90.8M",90800000,"Tier 1","true"
"Thrive Global","thriveglobal.com",,"http://www.thriveglobal.com","http://www.linkedin.com/company/thrive-global","2016","173M",173000000,"Tier 1","true"
"SmartRecruiters","",,"","http://www.linkedin.com/company/smartrecruiters","2010","88M",88000000,"Tier 1",
"artnet","artnet.com",,"http://www.artnet.com","http://www.linkedin.com/company/artnet","1989","24.1M",24056000,"Tier 1","false"
"Pebl","hellopebl.com",,"http://www.hellopebl.com","http://www.linkedin.com/company/hellopebl","2014","750M",750000000,"Tier 1","true"
"LawnStarter","lawnstarter.com",,"http://www.lawnstarter.com","http://www.linkedin.com/company/lawnstarter","2013","46.8M",46800000,"Tier 1","false"
"LTK","shopltk.com",,"http://www.shopltk.com","http://www.linkedin.com/company/shopltk","2011","238M",238000000,"Tier 1","true"
"Teal","tealhq.com",,"http://www.tealhq.com","http://www.linkedin.com/company/tealhq","2019","52.9M",52900000,"Tier 1","true"
"Authentic Brands Group","authentic.com",,"http://www.authentic.com","http://www.linkedin.com/company/weareauthentic","2010","38B",38000000000,"Tier 1","false"
"Dodge Data & Analytics","construction.com",,"http://www.construction.com","http://www.linkedin.com/company/dodge-data-and-analytics","2006","88.5M",88500000,"Tier 1","true"
"VICE Media","vicemedia.com",,"http://www.vicemedia.com","http://www.linkedin.com/company/vice-media","1994","750M",750000000,"Tier 1","false"
"Blockchain.com","blockchain.com",,"http://www.blockchain.com","http://www.linkedin.com/company/blockchaincustomersupport","2017","64.3M",64300000,"Tier 1","false"
"Brut.","brut.media",,"http://www.brut.media","http://www.linkedin.com/company/brut.","2016","1M",1000000,"Tier 1","false"
"WGSN","wgsn.com",,"http://www.wgsn.com","http://www.linkedin.com/company/wgsn","1998","129.1M",129143000,"Tier 1","true"
"Calm","calm.com",,"http://www.calm.com","http://www.linkedin.com/company/calm-com","2012","596.4M",596400000,"Tier 1","true"
"MarketWatch","marketwatch.com",,"http://www.marketwatch.com","http://www.linkedin.com/company/marketwatch","1997","114.3M",114300000,"Tier 1","false"
"WHOOP","whoop.com",,"http://www.whoop.com","http://www.linkedin.com/company/whoop","2012","260M",260000000,"Tier 1","true"
"Artsy","artsy.net",,"http://www.artsy.net","http://www.linkedin.com/company/artsyinc","2009","25M",25000000,"Tier 1","false"
"PGA TOUR","pgatour.com",,"http://www.pgatour.com","http://www.linkedin.com/company/pga-tour","1968","760.6M",760607000,"Tier 1","false"
"The Motley Fool","fool.com",,"http://www.fool.com","http://www.linkedin.com/company/the-motley-fool","1993","174.7M",174700000,"Tier 1","false"
"ŌURA","ouraring.com",,"http://www.ouraring.com","http://www.linkedin.com/company/oura","2013","500M",500000000,"Tier 1","true"
"Bright Network","brightnetwork.co.uk",,"http://www.brightnetwork.co.uk","http://www.linkedin.com/company/bright-network","2013","7.5M",7500000,"Tier 1","false"
"Everton Football Club","evertonfc.com",,"http://www.evertonfc.com","http://www.linkedin.com/company/everton-football-club","1878","236M",236000000,"Tier 1","false"
"ZRG Careers","zrgpartners.com",,"http://www.zrgpartners.com","http://www.linkedin.com/company/zrgcareers","2011","207.5M",207500000,"Tier 1","false"
"Workrise","",,"","http://www.linkedin.com/company/workrise","2014","",,"Tier 1",
"Blockworks","blockworks.co",,"http://www.blockworks.co","http://www.linkedin.com/company/the-blockworks-group","2017","16M",16000000,"Tier 1","true"
"Statsig","statsig.com",,"http://www.statsig.com","http://www.linkedin.com/company/statsig","2021","40M",40000000,"Tier 1","true"
"Big Spaceship","bigspaceship.com",,"http://www.bigspaceship.com","http://www.linkedin.com/company/bigspaceship","2000","5.5M",5549000,"Tier 1","false"
"Oliver James","oliverjames.com",,"http://www.oliverjames.com","http://www.linkedin.com/company/oliver-james-","2002","101M",101000000,"Tier 1","false"
"Warner Bros. Games","warnerbrosgames.com",,"http://www.warnerbrosgames.com","http://www.linkedin.com/company/warnerbrosgames",,"",,"Tier 1","false"
"CBRE Investment Management","cbreim.com",,"http://www.cbreim.com","http://www.linkedin.com/company/cbreim","1972","200M",200000000,"Tier 1","false"
"Cadence","cadence.care",,"http://www.cadence.care","http://www.linkedin.com/company/cadencerpm","2020","58.1M",58100000,"Tier 1","false"
"Argo AI","argo.ai",,"http://www.argo.ai","http://www.linkedin.com/company/argo-ai","2016","25.2M",25200000,"Tier 1","false"
"Impact Analytics","impactanalytics.ai",,"http://www.impactanalytics.ai","http://www.linkedin.com/company/impactanalytics","2015","17.5M",17500000,"Tier 1","false"
"DIGITAL HARBOR, Inc.","digitalharbor.com",,"http://www.digitalharbor.com","http://www.linkedin.com/company/digital-harbor","1997","469K",469000,"Tier 1","false"
"Chambers and Partners","chambers.com",,"http://www.chambers.com","http://www.linkedin.com/company/chambers-and-partners","1990","120.2M",120200000,"Tier 1","true"
"Alation","alation.com",,"http://www.alation.com","http://www.linkedin.com/company/alation","2012","160.4M",160400000,"Tier 1","true"
"Checkmate","itsacheckmate.com",,"http://www.itsacheckmate.com","http://www.linkedin.com/company/itsacheckmate","2016","123.2M",123200000,"Tier 1","true"
"Permira","permira.com",,"http://www.permira.com","http://www.linkedin.com/company/permira","1985","85M",85000000,"Tier 1","false"
"Payscale","payscale.com",,"http://www.payscale.com","http://www.linkedin.com/company/payscale","2002","171.6M",171600000,"Tier 1","true"
"Onfido","",,"","http://www.linkedin.com/company/onfido","2012","",,"Tier 1",
"Vangst","vangst.com",,"http://www.vangst.com","http://www.linkedin.com/company/vangst","2015","11M",11000000,"Tier 1","false"
"15Five","15five.com",,"http://www.15five.com","http://www.linkedin.com/company/15five","2011","152.6M",152600000,"Tier 1","true"
"Lattice","lattice.com",,"http://www.lattice.com","http://www.linkedin.com/company/lattice-hq","2015","127.1M",127100000,"Tier 1","true"
"Ashby","ashbyhq.com",,"http://www.ashbyhq.com","http://www.linkedin.com/company/ashbyhq","2018","28.2M",28200000,"Tier 1","true"
"Speexx","speexx.com",,"http://www.speexx.com","http://www.linkedin.com/company/speexx","2012","79.7M",79700000,"Tier 1","true"
"Jobvite","jobvite.com",,"http://www.jobvite.com","http://www.linkedin.com/company/jobvite","2006","92.3M",92300000,"Tier 1","true"
"RigUp","rigup.com",,"http://www.rigup.com","http://www.linkedin.com/company/rigup","2014","100M",100000000,"Tier 1","false"
"Contra","contra.com",,"http://www.contra.com","http://www.linkedin.com/company/contrahq","2019","96.2M",96200000,"Tier 1","true"
"TaskHuman","taskhuman.com",,"http://www.taskhuman.com","http://www.linkedin.com/company/taskhuman","2017","10M",10000000,"Tier 1","true"
"HeyJobs","heyjobs.co",,"http://www.heyjobs.co","http://www.linkedin.com/company/heyjobs","2016","15M",15000000,"Tier 1","false"
"iMocha","imocha.io",,"http://www.imocha.io","http://www.linkedin.com/company/imocha","2015","33.7M",33700000,"Tier 1","true"
"Mesh","mesh.ai",,"http://www.mesh.ai","http://www.linkedin.com/company/meshdotai","2020","19.4M",19400000,"Tier 1","true"
"Namely","namely.com",,"http://www.namely.com","http://www.linkedin.com/company/namely","2012","65M",65000000,"Tier 1","true"
"Seso Inc.","sesolabor.com",,"http://www.sesolabor.com","http://www.linkedin.com/company/sesolabor","2019","3.5M",3500000,"Tier 1","true"
"Apploi","apploi.com",,"http://www.apploi.com","http://www.linkedin.com/company/apploi","2014","19.9M",19900000,"Tier 1","true"
"Envoy Global","envoyglobal.com",,"http://www.envoyglobal.com","http://www.linkedin.com/company/envoyglobal","1998","40.8M",40800000,"Tier 1","false"
"Visit.org","visit.org",,"http://www.visit.org","http://www.linkedin.com/company/visit-org","2015","20.9M",20900000,"Tier 1","true"
"CodeSignal","codesignal.com",,"http://www.codesignal.com","http://www.linkedin.com/company/codesignal","2014","53.8M",53800000,"Tier 1","true"
"Human Interest","humaninterest.com",,"http://www.humaninterest.com","http://www.linkedin.com/company/humaninterest","2015","200M",200000000,"Tier 1","true"
"Legion Technologies","legion.co",,"http://www.legion.co","http://www.linkedin.com/company/legionco","2016","68M",68000000,"Tier 1","true"
"Instaffo","instaffo.com",,"http://www.instaffo.com","http://www.linkedin.com/company/instaffo-gmbh","2014","15M",15000000,"Tier 1","true"
"Tilt","hellotilt.com",,"http://www.hellotilt.com","http://www.linkedin.com/company/hello-tilt","2017","5.1M",5100000,"Tier 1","true"
"Merge","merge.dev",,"http://www.merge.dev","http://www.linkedin.com/company/merge-api","2020","20.8M",20800000,"Tier 1","true"
"Vivian Health","vivian.com",,"http://www.vivian.com","http://www.linkedin.com/company/vivianhealth","2017","43.2M",43200000,"Tier 1","false"
"Fetcher","fetcher.ai",,"http://www.fetcher.ai","http://www.linkedin.com/company/fetcherai","2016","31.2M",31200000,"Tier 1","true"
"Karat","karat.com",,"http://www.karat.com","http://www.linkedin.com/company/karat","2014","73.6M",73600000,"Tier 1","true"
"Talview","talview.com",,"http://www.talview.com","http://www.linkedin.com/company/talview","2017","26.1M",26100000,"Tier 1","true"
"HSP Group","hsp.com",,"http://www.hsp.com","http://www.linkedin.com/company/hsp-group-inc","2020","47.7M",47700000,"Tier 1","false"
"Fountain","fountain.com",,"http://www.fountain.com","http://www.linkedin.com/company/fountaininc","2014","50M",50000000,"Tier 1","true"
"Nava Benefits","navabenefits.com",,"http://www.navabenefits.com","http://www.linkedin.com/company/nava-benefits","2019","48.6M",48600000,"Tier 1","true"
"Harver","harver.com",,"http://www.harver.com","http://www.linkedin.com/company/harver","2015","20M",20000000,"Tier 1","true"
"Lively, Inc.","livelyme.com",,"http://www.livelyme.com","http://www.linkedin.com/company/livelyhsa","2016","12.5M",12500000,"Tier 1","true"
"Broadbean","broadbean.com",,"http://www.broadbean.com","http://www.linkedin.com/company/broadbean-technology","2001","28.2M",28200000,"Tier 1","true"
"Snagajob","snagajob.com",,"http://www.snagajob.com","http://www.linkedin.com/company/snagajob","1999","45.3M",45300000,"Tier 1","true"
"Headstart (Defunct)","headstart.io",,"http://www.headstart.io","http://www.linkedin.com/company/headstart-io","2015","2.5M",2500000,"Tier 1","true"
"GREENFORCE","greenforce.com",,"http://www.greenforce.com","http://www.linkedin.com/company/greenforce1","2020","",,"Tier 1","false"
"Cloverleaf","cloverleaf.me",,"http://www.cloverleaf.me","http://www.linkedin.com/company/cloverleafme","2017","7.6M",7600000,"Tier 1","true"
"Sounding Board (a BTS company)","soundingboardinc.com",,"http://www.soundingboardinc.com","http://www.linkedin.com/company/sounding-board-labs-inc","2016","7M",7000000,"Tier 1","true"
"Bennie","bennie.com",,"http://www.bennie.com","http://www.linkedin.com/company/benniehealth","2019","43.7M",43700000,"Tier 1","true"
"Wagepoint","wagepoint.com",,"http://www.wagepoint.com","http://www.linkedin.com/company/wagepoint","2012","14M",14000000,"Tier 1","true"
"Avery Technical Resources","workrise.com",,"http://www.workrise.com","http://www.linkedin.com/company/avery-technical-resources-inc","2008","100M",100000000,"Tier 1","true"
"Noon - The Social Learning Company","learnatnoon.com",,"http://www.learnatnoon.com","http://www.linkedin.com/company/learnatnoon","2013","4.2M",4200000,"Tier 1","false"
"Newsela","newsela.com",,"http://www.newsela.com","http://www.linkedin.com/company/newsela","2013","109M",109000000,"Tier 1","true"
"Digital Promise","digitalpromise.org",,"http://www.digitalpromise.org","http://www.linkedin.com/company/digital-promise","2011","66.8M",66817000,"Tier 1","false"
"Babbel","babbel.com",,"http://www.babbel.com","http://www.linkedin.com/company/babbel-com","2007","367M",367000000,"Tier 1","true"
"Ginger","gingersoftware.com",,"http://www.gingersoftware.com","http://www.linkedin.com/company/carebyginger","2010","1.2M",1200000,"Tier 1","true"
"Elevate K-12","elevatek12.com",,"http://www.elevatek12.com","http://www.linkedin.com/company/elevatek12","2015","110M",110000000,"Tier 1","false"
"Lexia Learning","lexialearning.com",,"http://www.lexialearning.com","http://www.linkedin.com/company/lexia-learning-systems","1984","380M",380000000,"Tier 1","true"
"Keypath Education","keypathedu.com",,"http://www.keypathedu.com","http://www.linkedin.com/company/keypath-education","2014","138.1M",138100000,"Tier 1","false"
"Monica Vinader","monicavinader.com",,"http://www.monicavinader.com","http://www.linkedin.com/company/monica-vinader-ltd","2002","139M",139000000,"Tier 1","false"
"Masterschool","masterschool.com",,"http://www.masterschool.com","http://www.linkedin.com/school/joinmasterschool","2021","58.5M",58500000,"Tier 1","false"
"Education Elements","edelements.com",,"http://www.edelements.com","http://www.linkedin.com/company/education-elements","2010","7.0M",6999000,"Tier 1","false"
"Securly","securly.com",,"http://www.securly.com","http://www.linkedin.com/company/securly","2012","75M",75000000,"Tier 1","true"
"Aprende Institute","aprende.com",,"http://www.aprende.com","http://www.linkedin.com/school/aprendeinstitute","2019","107M",107000000,"Tier 1","false"
"Global LT, Inc.","global-lt.com",,"http://www.global-lt.com","http://www.linkedin.com/company/global-lt","1979","335.7M",335700000,"Tier 1","false"
"Klaxoon, a Wrike company","klaxoon.com",,"http://www.klaxoon.com","http://www.linkedin.com/company/klaxoon","2015","16M",16000000,"Tier 1","true"
"CareerFoundry","careerfoundry.com",,"http://www.careerfoundry.com","http://www.linkedin.com/school/careerfoundry","2013","186.9M",186900000,"Tier 1","false"
"Bulb","bulbapp.com",,"http://www.bulbapp.com","http://www.linkedin.com/company/bulb-uk","2014","8.9M",8900000,"Tier 1","true"
"Istation","",,"","http://www.linkedin.com/company/istation","1998","",,"Tier 1",
"Slang","slangapp.com",,"http://www.slangapp.com","http://www.linkedin.com/company/meetslang","2013","50M",50000000,"Tier 1","true"
"Age of Learning","ageoflearning.com",,"http://www.ageoflearning.com","http://www.linkedin.com/company/age-of-learning","2007","126.8M",126800000,"Tier 1","true"
"ReUp Education","reupeducation.com",,"http://www.reupeducation.com","http://www.linkedin.com/company/reup-education","2015","26.2M",26200000,"Tier 1","false"
"Subject","subject.com",,"http://www.subject.com","http://www.linkedin.com/company/trysubject","2020","15M",15000000,"Tier 1","true"
"Top Hat","tophat.com",,"http://www.tophat.com","http://www.linkedin.com/company/top-hat-hq","2009","68M",68000000,"Tier 1","true"
"Kiddom","kiddom.co",,"http://www.kiddom.co","http://www.linkedin.com/company/kiddom","2015","4.9M",4900000,"Tier 1","true"
"Providence Equity Partners","provequity.com",,"http://www.provequity.com","http://www.linkedin.com/company/providence-equity-partners","1989","93M",93000000,"Tier 1","false"
"LiveMentor","livementor.com",,"http://www.livementor.com","http://www.linkedin.com/school/livementor","2012","284K",284000,"Tier 1","true"
"CYPHER Learning","cypherlearning.com",,"http://www.cypherlearning.com","http://www.linkedin.com/company/cypher-learning","2009","10M",10000000,"Tier 1","true"
"360training","360training.com",,"http://www.360training.com","http://www.linkedin.com/company/360training","1997","42.9M",42900000,"Tier 1","true"
"Photomath","photomath.com",,"http://www.photomath.com","http://www.linkedin.com/company/photomath","2014","91.2M",91200000,"Tier 1","false"
"Skill and You","skillandyou.com",,"http://www.skillandyou.com","http://www.linkedin.com/school/skillandyou","2000","140.8M",140816000,"Tier 1","false"
"Amira Learning","amiralearning.com",,"http://www.amiralearning.com","http://www.linkedin.com/company/amira-learning","2018","82.9M",82900000,"Tier 1","true"
"HyperionDev","hyperiondev.com",,"http://www.hyperiondev.com","http://www.linkedin.com/school/hyperion-development-south-africa","2012","74.7M",74700000,"Tier 1","false"
"Everspring","everspringpartners.com",,"http://www.everspringpartners.com","http://www.linkedin.com/company/everspring-inc","2011","7.8M",7800000,"Tier 1","false"
"Coursedog","coursedog.com",,"http://www.coursedog.com","http://www.linkedin.com/company/coursedog","2018","8.5M",8500000,"Tier 1","true"
"Panopto","panopto.com",,"http://www.panopto.com","http://www.linkedin.com/company/panopto","2007","23.6M",23600000,"Tier 1","true"
"simpleclub","simpleclub.com",,"http://www.simpleclub.com","http://www.linkedin.com/company/simpleclub","2015","17.6M",17600000,"Tier 1","true"
"Workera","workera.ai",,"http://www.workera.ai","http://www.linkedin.com/company/workera-ai","2019","7.5M",7500000,"Tier 1","true"
"Civitas Learning","civitaslearning.com",,"http://www.civitaslearning.com","http://www.linkedin.com/company/civitas-learning","2011","16.7M",16700000,"Tier 1","false"
"Venture Garden Group","venturegardengroup.com",,"http://www.venturegardengroup.com","http://www.linkedin.com/company/venture-garden-group","2011","59.5M",59500000,"Tier 1","false"
"Presence","presence.com",,"http://www.presence.com","http://www.linkedin.com/company/presencelearning","2009","12.5M",12500000,"Tier 1","false"
"Examity","examity.com",,"http://www.examity.com","http://www.linkedin.com/company/examity","2013","86.6M",86600000,"Tier 1","true"
"Knowunity","knowunity.ai",,"http://www.knowunity.ai","http://www.linkedin.com/company/knowunity","2020","",,"Tier 1","true"
"Yoto","yotoplay.com",,"http://www.yotoplay.com","http://www.linkedin.com/company/yotoplay","2015","119M",119000000,"Tier 1","false"
"BetterLesson","betterlesson.com",,"http://www.betterlesson.com","http://www.linkedin.com/company/betterlesson","2008","15M",15000000,"Tier 1","true"
"Intellum","intellum.com",,"http://www.intellum.com","http://www.linkedin.com/company/intellum","2000","32.1M",32100000,"Tier 1","true"
"Sphero","sphero.com",,"http://www.sphero.com","http://www.linkedin.com/company/sphero","2010","27.2M",27200000,"Tier 1","false"
"ParentPay","parentpay.com",,"http://www.parentpay.com","http://www.linkedin.com/company/parentpay-ltd","2002","170M",170000000,"Tier 1","true"
"Kortext","kortext.com",,"http://www.kortext.com","http://www.linkedin.com/company/kortext","2013","29M",29000000,"Tier 1","true"
"ExecOnline","execonline.com",,"http://www.execonline.com","http://www.linkedin.com/company/execonline","2012","21.3M",21300000,"Tier 1","false"
"Endless","endlessglobal.com",,"http://www.endlessglobal.com","http://www.linkedin.com/company/endlessglobal","2011","4.8M",4751000,"Tier 1","false"
"Atom Learning","atomlearning.com",,"http://www.atomlearning.com","http://www.linkedin.com/company/atom-learning","2018","17M",17000000,"Tier 1","true"
"ROLI","roli.com",,"http://www.roli.com","http://www.linkedin.com/company/roli","2009","14.4M",14400000,"Tier 1","true"
"Blueshift","blueshift.com",,"http://www.blueshift.com","http://www.linkedin.com/company/blueshift-labs-inc","2014","12.4M",12400000,"Tier 1","true"
"Uwill","uwill.com",,"http://www.uwill.com","http://www.linkedin.com/company/uwilltech","2020","31M",31000000,"Tier 1","true"
"SchoolMint","schoolmint.com",,"http://www.schoolmint.com","http://www.linkedin.com/company/schoolmint","2013","45.3M",45300000,"Tier 1","true"
"Parchment by Instructure","parchment.com",,"http://www.parchment.com","http://www.linkedin.com/company/parchment","2003","115M",115000000,"Tier 1","true"
"Accredible","accredible.com",,"http://www.accredible.com","http://www.linkedin.com/company/accredible","2013","1.3M",1300000,"Tier 1","true"
"Sparx Learning","sparx-learning.com",,"http://www.sparx-learning.com","http://www.linkedin.com/company/sparx-learning","2011","1M",1000000,"Tier 1","true"
"Pathstream","pathstream.com",,"http://www.pathstream.com","http://www.linkedin.com/company/pathstream","2018","18M",18000000,"Tier 1","true"
"PINKTUM","pinktum.com",,"http://www.pinktum.com","http://www.linkedin.com/company/pinkuniversity","2011","",,"Tier 1","true"
"UNIQUE HERITAGE MEDIA","uniqueheritage.fr",,"http://www.uniqueheritage.fr","http://www.linkedin.com/company/unique-heritage-media","2014","",,"Tier 1","false"
"4.0","4pt0.org",,"http://www.4pt0.org","http://www.linkedin.com/company/4pt0schools","2010","3.6M",3572000,"Tier 1","false"
"Summer","meetsummer.com",,"http://www.meetsummer.com","http://www.linkedin.com/company/savewithsummer","2017","999K",999000,"Tier 1","true"
"Pathify","pathify.com",,"http://www.pathify.com","http://www.linkedin.com/company/pathifyeducation","2011","34.1M",34100000,"Tier 1","true"
"Upswing","upswing.io",,"http://www.upswing.io","http://www.linkedin.com/company/upswing-io","2013","27.1M",27100000,"Tier 1","true"
"WeVideo","wevideo.com",,"http://www.wevideo.com","http://www.linkedin.com/company/wevideo","2011","18M",18000000,"Tier 1","true"
"All Right","allright.com",,"http://www.allright.com","http://www.linkedin.com/company/allright-com","2016","7.2M",7200000,"Tier 1","false"
"Tinkergarten","tinkergarten.com",,"http://www.tinkergarten.com","http://www.linkedin.com/company/tinkergarten","2012","10M",10000000,"Tier 1","true"
"Design Pickle","designpickle.com",,"http://www.designpickle.com","http://www.linkedin.com/company/designpickle","2015","30M",30000000,"Tier 1","false"
"Tealium","tealium.com",,"http://www.tealium.com","http://www.linkedin.com/company/tealium","2011","100M",100000000,"Tier 1","true"
"Innovid","innovid.com",,"http://www.innovid.com","http://www.linkedin.com/company/innovid","2007","151.6M",151557000,"Tier 1","true"
"Zeotap","zeotap.com",,"http://www.zeotap.com","http://www.linkedin.com/company/zeotap","2014","24.9M",24900000,"Tier 1","true"
"Wunderkind","wunderkind.co",,"http://www.wunderkind.co","http://www.linkedin.com/company/bewunderkind","2010","204.7M",204700000,"Tier 1","true"
"SheerID","sheerid.com",,"http://www.sheerid.com","http://www.linkedin.com/company/sheerid","2011","42M",42000000,"Tier 1","true"
"BlueConic","blueconic.com",,"http://www.blueconic.com","http://www.linkedin.com/company/blueconic","2010","26.2M",26200000,"Tier 1","true"
"Bizzabo","bizzabo.com",,"http://www.bizzabo.com","http://www.linkedin.com/company/bizzabo","2011","43.9M",43900000,"Tier 1","true"
"Flytxt","flytxt.ai",,"http://www.flytxt.ai","http://www.linkedin.com/company/flytxt","2008","75M",75000000,"Tier 1","true"
"Splash (Now part of Cvent)","splashthat.com",,"http://www.splashthat.com","http://www.linkedin.com/company/splashthat-com","2011","644K",644000,"Tier 1","true"
"Affinity Solutions","affinity.solutions",,"http://www.affinity.solutions","http://www.linkedin.com/company/affinity-solutions","2005","29.5M",29500000,"Tier 1","false"
"Canaan","canaan.com",,"http://www.canaan.com","http://www.linkedin.com/company/canaan-partners","1987","269.3M",269300000,"Tier 1","false"
"Connexity, Inc.","connexity.com",,"http://www.connexity.com","http://www.linkedin.com/company/connexity","1996","27.2M",27200000,"Tier 1","true"
"Cape.io (formerly Peach)","cape.io",,"http://www.cape.io","http://www.linkedin.com/company/cape-io","1996","",,"Tier 1","true"
"Act-On Software","act-on.com",,"http://www.act-on.com","http://www.linkedin.com/company/act-on-software","2008","44M",44000000,"Tier 1","true"
"Kurtosys","kurtosys.com",,"http://www.kurtosys.com","http://www.linkedin.com/company/kurtosys","2002","16.5M",16500000,"Tier 1","true"
"Lotame","lotame.com",,"http://www.lotame.com","http://www.linkedin.com/company/lotame","2006","125.2M",125200000,"Tier 1","true"
"Brand Networks","bn.co",,"http://www.bn.co","http://www.linkedin.com/company/bnanaugeocompany","2006","27.5M",27500000,"Tier 1","true"
"PX.com","px.com",,"http://www.px.com","http://www.linkedin.com/company/px-platform","2010","14M",14000000,"Tier 1","true"
"Levitate","levitate.ai",,"http://www.levitate.ai","http://www.linkedin.com/company/real-magic","2017","28.8M",28800000,"Tier 1","true"
"Splio","splio.com",,"http://www.splio.com","http://www.linkedin.com/company/splio","2001","34M",34000000,"Tier 1","true"
"Foleon","foleon.com",,"http://www.foleon.com","http://www.linkedin.com/company/foleon","2013","13M",13000000,"Tier 1","true"
"Infinity","infinity.co",,"http://www.infinity.co","http://www.linkedin.com/company/infinityco","2010","15M",15000000,"Tier 1","true"
"Redpoint Global Inc.","redpointglobal.com",,"http://www.redpointglobal.com","http://www.linkedin.com/company/redpoint-global-inc","2006","15.2M",15200000,"Tier 1","true"
"datawrkz","datawrkz.com",,"http://www.datawrkz.com","http://www.linkedin.com/company/datawrkz","2013","12M",12000000,"Tier 1","false"
"Stirista","stirista.com",,"http://www.stirista.com","http://www.linkedin.com/company/stirista-global","2009","58.5M",58500000,"Tier 1","true"
"Primelis","primelis.com",,"http://www.primelis.com","http://www.linkedin.com/company/primelis-global","2009","19.6M",19600000,"Tier 1","true"
"Unbiased","unbiased.co.uk",,"http://www.unbiased.co.uk","http://www.linkedin.com/company/unbiased-co-uk","2010","25M",25000000,"Tier 1","true"
"ownerIQ","owneriq.com",,"http://www.owneriq.com","http://www.linkedin.com/company/owneriq-inc-","2007","12.5M",12500000,"Tier 1","false"